identity,expression,filename,dist_ensx_se,dist_ensx_prn,dist_se_prn,dist_se_ls,dist_prn_ls,dist_alL_alR,dist_cheilion_sx_cheilion_dx,dist_ensx_exsx,dist_ensdx_exdx,dist_exsx_exdx,dist_ensx_ensdx,area_ensx_exsx_exdx,area_prn_alL_alR,area_cheilion_sx_cheilion_dx_ls,area_ensx_ensdx_prn,area_se_prn_alL,area_se_prn_alR,volume_ensx_prn_alL_alR,volume_ensx_exsx_exdx_prn,volume_ensx_ensdx_se_prn,volume_exsx_exdx_alL_alR,facial_area
bs000,N,bs000_N_N_0.lm3,0.7055,1.5689,0.9211,1.6894,1.1097,1.1636,1.6939,1.0948,1.088,3.1083,1.0,0.5983,0.5654,0.749,1.0,0.4665,0.6328,3.806,1.924,1.0,3.6012,4.012
bs000,N,bs000_N_N_1.lm3,0.6468,1.5936,0.9954,1.7323,1.0955,1.1625,1.6958,1.0592,0.9956,3.0176,1.0,0.3979,0.6189,0.7003,1.0,0.5503,0.6971,4.9484,1.5273,1.0,4.254,3.9645
bs001,N,bs001_N_N_0.lm3,0.8088,1.6022,0.8785,1.5429,0.9336,1.0395,1.5364,0.8888,0.979,2.8405,1.0,0.0787,0.4527,0.5343,1.0,0.4428,0.4852,2.7006,0.2851,1.0,1.6809,2.9937
bs002,N,bs002_N_N_0.lm3,0.9383,1.8816,0.994,1.8437,1.2873,1.0953,1.5763,1.0503,1.0853,3.0587,1.0,0.4379,0.6198,0.4956,1.0,0.4812,0.6095,3.4566,2.5468,1.0,0.2094,3.644
bs003,N,bs003_N_N_0.lm3,0.6964,1.4654,0.8359,1.53,0.9978,1.1181,1.5641,0.9943,1.0266,2.9678,1.0,0.5244,0.5739,0.7612,1.0,0.4415,0.5951,3.1802,1.0645,1.0,2.458,3.8961
bs004,N,bs004_N_N_0.lm3,0.8785,1.7586,0.9273,1.5903,1.018,1.0233,1.487,1.051,1.0023,2.9291,1.0,0.6097,0.4264,0.519,1.0,0.4424,0.4531,3.1429,4.359,1.0,2.0508,3.4506
bs005,N,bs005_N_N_0.lm3,0.5674,1.49,1.0705,1.7548,1.07,1.0446,1.4016,0.8039,0.787,2.5168,1.0,0.4297,0.4973,0.5269,1.0,0.6435,0.5931,2.3848,1.4528,1.0,1.4865,3.6905
bs005,N,bs005_N_N_1.lm3,0.596,1.4302,0.8948,1.7334,1.2315,1.1122,1.3948,0.8265,0.7582,2.5656,1.0,0.2482,0.6279,0.5825,1.0,0.6038,0.56,4.2939,1.2357,1.0,3.7361,3.6224
bs006,N,bs006_N_N_0.lm3,0.7498,1.6098,0.9682,1.7511,1.0626,1.1667,1.7107,0.9826,1.0096,2.9389,1.0,0.4689,0.4097,0.5937,1.0,0.464,0.4995,1.8324,1.3562,1.0,0.1041,3.4358
bs007,N,bs007_N_N_0.lm3,0.6478,1.6136,1.0903,1.862,1.046,1.1678,1.538,0.9833,0.9501,2.8583,1.0,0.4578,0.4451,0.5885,1.0,0.5314,0.5647,1.7497,1.4299,1.0,0.7038,3.5875
bs008,N,bs008_N_N_0.lm3,0.5792,1.6741,1.1267,1.7891,1.1128,1.1339,1.5734,1.0124,0.9114,2.8692,1.0,0.4176,0.6717,0.5772,1.0,0.6248,0.7744,6.5807,2.5495,1.0,3.3286,4.0657
bs009,N,bs009_N_N_0.lm3,0.8417,1.6987,0.9974,1.7838,1.1438,1.1388,1.6771,1.0386,1.0288,3.0095,1.0,0.4581,0.4676,0.5941,1.0,0.4968,0.521,1.5764,1.1895,1.0,0.4754,3.5376
bs010,N,bs010_N_N_0.lm3,1.004,1.8627,0.9608,2.0122,1.3662,1.1185,1.8403,1.1585,1.1686,3.2654,1.0,0.5211,0.4695,0.6959,1.0,0.456,0.5274,2.3908,0.4757,1.0,0.1733,3.6699
bs010,N,bs010_N_N_1.lm3,0.9338,1.9665,1.1277,2.0364,1.3176,1.2797,1.7751,1.1071,1.1409,3.2047,1.0,0.2818,0.6533,0.6445,1.0,0.574,0.7225,3.0098,0.0756,1.0,0.9258,3.8761
bs011,N,bs011_N_N_0.lm3,0.6596,1.5631,0.9734,1.7792,1.116,1.0703,1.5867,1.0618,1.0198,3.0331,1.0,0.4352,0.4661,0.5851,1.0,0.5163,0.564,3.362,0.109,1.0,1.0328,3.5667
bs012,N,bs012_N_N_0.lm3,0.606,1.5143,0.9478,1.6618,0.9713,1.1432,1.6842,0.9549,1.0116,2.8825,1.0,0.5236,0.5766,0.748,1.0,0.5021,0.6993,6.7293,4.1451,1.0,4.4765,4.0496
bs012,N,bs012_N_N_1.lm3,0.5641,1.4697,0.9485,1.5407,0.8806,1.0663,1.6947,0.8975,0.8477,2.7201,1.0,0.3343,0.5056,0.7541,1.0,0.5792,0.5037,6.0674,2.8499,1.0,6.2072,3.6769
bs012,N,bs012_N_N_2.lm3,0.5902,1.4568,0.894,1.5514,0.9365,1.0258,1.643,0.8983,0.974,2.7723,1.0,0.4867,0.5123,0.8838,1.0,0.5258,0.5216,7.8483,5.3392,1.0,7.3024,3.9302
bs013,N,bs013_N_N_0.lm3,0.7503,1.4472,0.7138,1.4612,1.043,1.0516,1.6181,1.2074,1.1635,3.2537,1.0,0.9372,0.4534,0.7163,1.0,0.3558,0.4117,4.9184,4.4654,1.0,1.1686,3.8744
bs014,N,bs014_N_N_0.lm3,0.6959,1.8076,1.3253,2.0034,1.1181,1.1644,1.6196,1.2033,1.2265,3.3919,1.0,0.2795,0.5676,0.5602,1.0,0.665,0.8624,1.9622,0.8594,1.0,1.9539,3.9347
bs015,N,bs015_N_N_0.lm3,0.7974,1.6048,0.8722,1.664,1.1091,1.015,1.3584,1.01,1.0635,2.9744,1.0,0.5077,0.5388,0.527,1.0,0.4904,0.6211,3.5453,1.7641,1.0,2.2493,3.685
bs016,N,bs016_N_N_0.lm3,0.6374,1.5531,1.0326,1.6171,0.9175,1.3112,1.6632,0.8459,0.8727,2.6756,1.0,0.3806,0.6337,0.6121,1.0,0.5476,0.7109,2.4125,0.9789,1.0,1.9679,3.8849
bs017,N,bs017_N_N_0.lm3,0.6611,1.8315,1.4373,2.1334,1.0429,0.9928,1.5071,0.9193,0.957,2.8501,1.0,0.2341,0.3047,0.5205,1.0,0.5396,0.5758,0.8473,0.0403,1.0,0.2476,3.1747
bs018,N,bs018_N_N_0.lm3,0.675,1.5191,0.9353,1.6278,0.9234,0.9554,1.4796,0.9644,1.0224,2.9247,1.0,0.4487,0.3708,0.533,1.0,0.4929,0.435,2.157,1.1564,1.0,2.2505,3.2804
bs019,N,bs019_N_N_0 (1).lm3,0.428,1.642,1.3941,1.8177,0.8179,1.0962,1.495,0.8278,0.7841,2.5964,1.0,0.2075,0.3996,0.5439,1.0,0.5609,0.6861,1.7835,0.9942,1.0,1.0756,3.398
bs019,N,bs019_N_N_0.lm3,0.428,1.642,1.3941,1.8177,0.8179,1.0962,1.495,0.8278,0.7841,2.5964,1.0,0.2075,0.3996,0.5439,1.0,0.5609,0.6861,1.7835,0.9942,1.0,1.0756,3.398
bs020,N,bs020_N_N_0.lm3,0.294,1.2958,1.0475,1.656,0.9541,1.1279,1.5038,1.0319,0.9343,2.8922,1.0,0.6863,0.6681,0.6817,1.0,0.6456,0.8731,13.6916,8.0692,1.0,14.5848,4.5548
bs021,N,bs021_N_N_0.lm3,0.5514,1.7916,1.2805,1.9445,0.9213,1.053,1.5588,0.9647,1.0026,2.9341,1.0,0.2193,0.3054,0.6366,1.0,0.4129,0.508,2.0999,2.2295,1.0,0.5876,3.0822
bs022,N,bs022_N_N_0.lm3,0.449,1.5776,1.2725,1.824,0.9128,0.9864,1.5882,1.0517,1.0164,3.0145,1.0,0.4788,0.3772,0.658,1.0,0.628,0.602,2.2219,1.4963,1.0,0.6711,3.744
bs023,N,bs023_N_N_0.lm3,0.7521,1.6248,0.964,1.7687,1.0317,1.0945,1.4683,1.0068,1.046,2.996,1.0,0.4565,0.53,0.5261,1.0,0.4762,0.5637,2.1369,2.0587,1.0,0.8153,3.5525
bs024,N,bs024_N_N_0.lm3,0.5923,1.6051,1.2522,1.9998,1.0369,1.0016,1.5822,0.9801,1.021,2.9672,1.0,0.3732,0.4793,0.6962,1.0,0.7184,0.7147,1.7617,0.5506,1.0,0.6809,3.9818
bs025,N,bs025_N_N_0.lm3,0.8907,1.9522,1.1737,2.0369,1.193,1.3342,1.6527,1.2006,1.3807,3.4507,1.0,0.5195,0.7501,0.5645,1.0,0.707,0.8049,3.8445,2.2513,1.0,0.5722,4.346
bs025,N,bs025_N_N_1.lm3,0.6953,1.7693,1.1414,1.9178,1.1469,1.1293,1.6228,1.1161,0.9646,3.0575,1.0,0.3144,0.4983,0.5779,1.0,0.5935,0.6153,3.4078,1.4894,1.0,0.1796,3.5994
bs026,N,bs026_N_N_0.lm3,0.4461,1.5725,1.1903,1.824,1.0126,1.1227,1.65,1.1074,1.0574,3.1022,1.0,0.489,0.4727,0.7489,1.0,0.6523,0.6596,5.3171,3.0477,1.0,0.2613,4.0225
bs027,N,bs027_N_N_0.lm3,0.7184,1.6727,1.0529,1.8524,1.1641,1.2043,1.8852,1.0,1.0125,2.9985,1.0,0.2419,0.7194,0.7791,1.0,0.6777,0.73,3.8098,0.9318,1.0,0.3022,4.1481
bs028,N,bs028_N_N_0.lm3,0.4668,1.7098,1.3294,1.8975,0.898,1.053,1.35,1.0697,1.2288,3.2085,1.0,0.5222,0.527,0.4092,1.0,0.7301,0.7718,4.3652,3.0973,1.0,0.8293,3.9603
bs029,N,bs029_N_N_0.lm3,0.5117,1.7974,1.4333,2.2755,1.2145,1.3355,1.9137,1.427,1.4323,3.69,1.0,0.9498,0.6269,0.792,1.0,0.6907,1.0405,3.8081,3.9903,1.0,6.9689,5.0999
bs030,N,bs030_N_N_0.lm3,0.3359,1.56,1.3616,2.0356,1.0635,1.157,1.6404,1.0504,1.0647,3.0246,1.0,0.6249,0.5029,0.5119,1.0,0.7408,0.7095,2.8119,2.3045,1.0,3.1033,4.09
bs031,N,bs031_N_N_0.lm3,0.3655,1.4536,1.1467,1.7278,1.0297,0.9778,1.333,0.8926,0.9762,2.7876,1.0,0.4701,0.4484,0.3938,1.0,0.6295,0.6559,8.1401,3.6722,1.0,7.1303,3.5977
bs032,N,bs032_N_N_0.lm3,0.4543,1.6374,1.3422,1.837,1.0308,1.0098,1.176,0.8315,0.8009,2.5888,1.0,0.2967,0.4905,0.3446,1.0,0.6188,0.7689,2.3117,1.301,1.0,0.7204,3.5195
bs033,N,bs033_N_N_0.lm3,0.469,1.5091,1.27,1.7552,0.8171,0.9489,1.2598,0.691,0.754,2.4094,1.0,0.2555,0.4349,0.4014,1.0,0.6248,0.6998,1.9963,0.6909,1.0,0.1729,3.4164
bs033,N,bs033_N_N_1.lm3,0.4141,1.5774,1.39,1.9373,0.9368,1.047,1.3674,0.8387,0.8093,2.6065,1.0,0.3387,0.4578,0.435,1.0,0.5812,0.8305,2.0123,1.0209,1.0,2.2579,3.6432
bs034,N,bs034_N_N_0.lm3,0.3934,1.4306,1.145,1.5155,0.7907,1.0151,1.3366,0.9517,0.9567,2.7965,1.0,0.6748,0.4579,0.5613,1.0,0.6506,0.5726,2.9089,3.6486,1.0,4.4723,3.9172
bs034,N,bs034_N_N_1.lm3,0.331,1.4452,1.2349,1.7301,0.919,0.9868,1.4495,0.9569,0.8754,2.7896,1.0,0.4344,0.4557,0.6109,1.0,0.6445,0.7122,3.3382,2.6556,1.0,0.6282,3.8577
bs035,N,bs035_N_N_0.lm3,0.62,1.6314,1.2817,1.9857,1.0445,1.1307,1.5902,0.9202,1.0159,2.8814,1.0,0.4285,0.6154,0.6057,1.0,0.837,0.768,1.94,0.9293,1.0,0.7863,4.2546
bs035,N,bs035_N_N_1.lm3,0.6582,1.626,1.153,1.949,1.1463,1.1029,1.7176,0.9844,1.0696,3.0109,1.0,0.3925,0.493,0.6854,1.0,0.5804,0.7185,2.0961,1.3095,1.0,0.9506,3.8698
bs036,N,bs036_N_N_0.lm3,0.4316,1.3996,1.017,1.7421,0.9271,1.2868,1.5581,0.9198,0.9592,2.7509,1.0,0.7753,0.52,0.6462,1.0,0.4494,0.7641,4.4242,5.1673,1.0,6.1674,4.155
bs036,N,bs036_N_N_1.lm3,0.5227,1.39,0.9453,1.7563,1.0063,1.3066,1.6505,0.9202,0.933,2.8,1.0,0.4943,0.5259,0.7838,1.0,0.5275,0.6509,3.571,2.1419,1.0,1.0671,3.9824
bs037,N,bs037_N_N_0.lm3,0.7006,1.7272,1.1355,1.6846,1.0091,1.1412,1.5077,1.0651,1.034,3.0414,1.0,0.4257,0.4785,0.5071,1.0,0.4499,0.6982,2.1864,0.8132,1.0,3.2474,3.5594
bs037,N,bs037_N_N_1.lm3,0.6715,1.7383,1.1445,1.6207,0.9847,1.0567,1.5303,1.1081,1.1722,3.1368,1.0,0.6259,0.3809,0.5469,1.0,0.4547,0.4967,2.1187,2.2204,1.0,2.0537,3.5051
bs037,N,bs037_N_N_2.lm3,0.7287,1.7717,1.1445,1.7411,1.0847,1.2091,1.5983,1.1717,1.1277,3.2043,1.0,0.5765,0.5954,0.6116,1.0,0.5758,0.6573,2.8773,1.3364,1.0,0.3538,4.0166
bs038,N,bs038_N_N_0.lm3,0.983,1.8635,0.9911,1.8577,1.2488,0.9736,1.4708,1.1171,1.142,3.2216,1.0,0.2876,0.4546,0.481,1.0,0.5157,0.5177,2.0612,1.3764,1.0,1.5166,3.2566
bs038,N,bs038_N_N_1.lm3,0.9724,1.9742,1.1127,2.0474,1.3354,1.0388,1.6137,1.2397,1.1895,3.391,1.0,0.3808,0.4607,0.5339,1.0,0.5727,0.5333,2.101,1.9149,1.0,1.7593,3.4814
bs039,N,bs039_N_N_0.lm3,0.611,1.6788,1.1844,1.9109,1.2516,1.1928,1.6297,1.0029,1.04,3.0033,1.0,0.3217,0.4688,0.5521,1.0,0.5745,0.6422,2.4301,0.4216,1.0,1.0807,3.5593
bs040,N,bs040_N_N_0.lm3,0.6759,1.6625,1.1352,1.7187,0.9305,1.0702,1.3991,0.9056,0.9593,2.8222,1.0,0.3188,0.4295,0.3807,1.0,0.4226,0.6494,1.3477,0.6824,1.0,1.702,3.201
bs040,N,bs040_N_N_1.lm3,0.7899,1.6758,1.0026,1.6562,1.0022,1.0163,1.4786,0.9494,1.0659,2.9617,1.0,0.3418,0.3234,0.4154,1.0,0.3826,0.4293,1.0289,0.6115,1.0,0.7808,2.8925
bs041,N,bs041_N_N_0.lm3,0.5671,1.7578,1.3108,2.1401,1.2062,1.0849,1.6761,1.1376,1.1208,3.211,1.0,0.4702,0.3572,0.5934,1.0,0.5573,0.5909,2.1319,2.7486,1.0,0.231,3.569
bs041,N,bs041_N_N_1.lm3,0.7273,1.76,1.1392,1.888,1.0583,1.1184,1.6718,1.0074,1.109,3.0284,1.0,0.4636,0.477,0.6253,1.0,0.4923,0.7258,2.8365,3.0294,1.0,3.0269,3.784
bs042,N,bs042_N_N_0.lm3,0.9473,2.1992,1.3975,2.1459,1.1889,1.3765,1.8438,1.0911,1.2783,3.2973,1.0,0.4131,0.6512,0.5828,1.0,0.5871,0.904,2.4148,1.4369,1.0,2.9983,4.1382
bs042,N,bs042_N_N_1.lm3,0.9428,2.0191,1.1954,1.9065,1.1026,1.2691,1.6043,1.005,1.0621,3.0155,1.0,0.353,0.6269,0.5329,1.0,0.5431,0.7581,2.4111,1.0214,1.0,2.6093,3.814
bs043,N,bs043_N_N_0.lm3,0.7295,1.6179,1.0183,1.8034,1.088,1.0807,1.5958,1.15,1.1193,3.1944,1.0,0.582,0.5042,0.4839,1.0,0.4997,0.6304,2.4401,1.6306,1.0,1.8954,3.7002
bs043,N,bs043_N_N_1.lm3,0.7602,1.5583,0.8624,1.6998,1.1019,1.0186,1.5515,1.0772,0.9847,3.0218,1.0,0.4438,0.3803,0.5649,1.0,0.4238,0.4077,2.2646,1.0639,1.0,1.3109,3.2205
bs044,N,bs044_N_N_0.lm3,0.6586,1.832,1.2654,2.0873,1.1623,1.3421,1.7753,1.144,1.2505,3.2896,1.0,0.588,0.5673,0.5664,1.0,0.6429,0.6826,3.0279,1.7062,1.0,0.9941,4.0472
bs044,N,bs044_N_N_1.lm3,0.7148,1.8593,1.2233,2.0529,1.1333,1.2915,1.8257,1.1846,1.2307,3.3362,1.0,0.4795,0.506,0.6114,1.0,0.5657,0.6507,3.0234,1.1631,1.0,0.5672,3.8133
bs045,N,bs045_N_N_0.lm3,0.5133,1.506,1.0791,1.6261,0.851,1.0724,1.5935,0.8715,0.9332,2.6822,1.0,0.6033,0.4789,0.7275,1.0,0.4608,0.7275,2.8667,1.9889,1.0,3.5473,3.998
bs045,N,bs045_N_N_1.lm3,0.5421,1.5235,1.0248,1.6583,0.9631,1.0453,1.5701,0.9213,0.9708,2.7984,1.0,0.5594,0.4098,0.6371,1.0,0.4318,0.6097,3.4643,2.0978,1.0,3.0428,3.6478
bs046,N,bs046_N_N_0.lm3,0.5229,1.5643,1.0965,1.8452,1.0556,1.209,1.7803,1.0191,1.0818,3.0028,1.0,0.6001,0.6775,0.8192,1.0,0.6459,0.7967,5.6463,2.2838,1.0,2.1541,4.5394
bs046,N,bs046_N_N_1.lm3,0.5606,1.6103,1.1488,1.9057,1.0406,1.2092,1.8681,1.0625,1.0154,3.0109,1.0,0.5521,0.622,0.7923,1.0,0.6549,0.7831,3.5918,1.5278,1.0,2.2197,4.4044
bs047,N,bs047_N_N_0.lm3,0.5242,1.6037,1.1446,1.7767,0.854,1.0978,1.4511,0.9539,0.9766,2.878,1.0,0.3836,0.5193,0.544,1.0,0.5443,0.6078,3.0675,2.6955,1.0,1.8538,3.599
bs047,N,bs047_N_N_1.lm3,0.53,1.6743,1.1899,1.8288,0.8901,1.0176,1.525,1.0172,1.0266,2.9846,1.0,0.4291,0.3176,0.5393,1.0,0.4191,0.5153,2.2537,3.4305,1.0,0.674,3.2204
bs047,N,bs047_N_N_2.lm3,0.6766,1.6696,1.1093,1.796,0.8486,1.039,1.5097,1.0405,1.0083,2.9949,1.0,0.4838,0.3157,0.4885,1.0,0.4207,0.4655,1.1182,2.0699,1.0,0.1533,3.1742
bs047,N,bs047_N_N_3.lm3,0.6812,1.6624,1.0556,1.798,0.9527,1.0401,1.567,1.0157,0.9831,2.9635,1.0,0.3561,0.3325,0.5552,1.0,0.4046,0.4926,1.8031,1.6788,1.0,0.5789,3.141
bs048,N,bs048_N_N_0.lm3,0.7437,1.7419,1.1159,1.835,1.0509,1.088,1.5923,0.9807,1.0513,2.9718,1.0,0.3461,0.3887,0.614,1.0,0.503,0.5358,1.895,0.7256,1.0,1.0735,3.3876
bs048,N,bs048_N_N_1.lm3,0.701,1.765,1.1581,1.7825,0.9692,1.1641,1.6631,1.0387,1.0554,3.02,1.0,0.4892,0.4607,0.6316,1.0,0.4706,0.6156,2.0905,1.2429,1.0,1.1416,3.6677
bs048,N,bs048_N_N_2.lm3,0.632,1.722,1.1508,1.8848,1.1229,1.1456,1.6459,1.0748,1.0623,3.0428,1.0,0.5201,0.4361,0.6596,1.0,0.4575,0.6398,2.7166,1.9151,1.0,2.3922,3.7131
bs048,N,bs048_N_N_3.lm3,0.7622,1.7478,1.0599,1.7558,0.9995,1.0916,1.5109,1.0278,0.9432,2.9251,1.0,0.3869,0.4408,0.5711,1.0,0.4433,0.5575,2.2127,1.201,1.0,1.4877,3.3996
bs049,N,bs049_N_N_0.lm3,0.3839,1.1065,0.7953,1.2825,0.7605,0.9721,1.0868,0.708,0.6802,2.3069,1.0,0.4974,0.4774,0.5084,1.0,0.5275,0.482,15.0497,5.2278,1.0,22.8831,3.4927
bs049,N,bs049_N_N_1.lm3,0.4571,1.1216,0.7343,1.3099,0.8377,0.9578,1.1882,0.8347,0.7513,2.4608,1.0,0.7529,0.4866,0.5431,1.0,0.4215,0.5501,53.7194,50.635,1.0,55.2839,3.7542
bs049,N,bs049_N_N_2.lm3,0.4879,1.0982,0.6811,1.2647,0.8017,0.8933,1.0672,0.7144,0.6938,2.34,1.0,0.516,0.426,0.494,1.0,0.4425,0.415,5.6539,1.5057,1.0,4.4379,3.2935
bs049,N,bs049_N_N_3.lm3,0.4773,1.1313,0.7334,1.3347,0.8053,0.9026,1.1,0.7222,0.7107,2.3649,1.0,0.3911,0.4484,0.5431,1.0,0.4533,0.503,8.0329,1.4895,1.0,1.8933,3.3389
bs050,N,bs050_N_N_0.lm3,0.7674,1.7333,1.1017,1.5891,0.8757,1.0717,1.4417,0.8604,0.8643,2.658,1.0,0.3487,0.4548,0.4867,1.0,0.6067,0.4698,1.6187,1.1766,1.0,2.0237,3.3667
bs050,N,bs050_N_N_1.lm3,0.7083,1.7586,1.188,1.701,0.9271,1.0734,1.4985,0.8792,0.941,2.7463,1.0,0.407,0.5652,0.4967,1.0,0.5812,0.6924,1.9282,1.0697,1.0,0.462,3.7425
bs050,N,bs050_N_N_2.lm3,0.7688,1.7072,1.0535,1.5667,0.8997,1.0719,1.5149,0.903,0.9336,2.746,1.0,0.473,0.5335,0.4972,1.0,0.4787,0.6465,1.9549,1.5851,1.0,1.1681,3.6289
bs050,N,bs050_N_N_3.lm3,0.7677,1.7618,1.1078,1.6427,0.9191,1.044,1.4654,0.9093,0.9274,2.75,1.0,0.4334,0.5138,0.4877,1.0,0.5036,0.6378,1.9053,1.7631,1.0,1.2814,3.5763
bs051,N,bs051_N_N_0.lm3,1.0243,2.2357,1.3366,2.0495,1.1525,1.2692,1.9328,1.2002,1.2054,3.3886,1.0,0.222,0.6628,0.6837,1.0,0.6568,0.7545,2.6956,0.9565,1.0,0.4398,3.9798
bs051,N,bs051_N_N_1.lm3,0.9595,2.1407,1.3156,2.0097,1.1155,1.1849,1.9111,1.1238,1.116,3.232,1.0,0.1315,0.5208,0.7094,1.0,0.5622,0.6415,1.9146,0.1921,1.0,0.1039,3.5654
bs051,N,bs051_N_N_2.lm3,1.0018,2.1952,1.2944,2.0039,1.1309,1.1583,1.9006,1.1851,1.2136,3.376,1.0,0.2366,0.4193,0.6585,1.0,0.4477,0.581,1.731,1.0803,1.0,0.3392,3.3431
bs051,N,bs051_N_N_3.lm3,1.0394,2.2603,1.3488,2.0935,1.1704,1.2202,1.921,1.1783,1.2552,3.4073,1.0,0.184,0.4728,0.6298,1.0,0.5108,0.6481,1.9147,0.7267,1.0,0.2418,3.4455
bs052,N,bs052_N_N_0.lm3,0.4905,1.5178,1.2548,1.843,0.9569,0.8806,1.1877,0.877,0.943,2.7596,1.0,0.4108,0.3318,0.3908,1.0,0.581,0.5654,1.304,1.0642,1.0,0.5686,3.2798
bs052,N,bs052_N_N_1.lm3,0.4534,1.413,1.2434,1.755,0.8319,0.7744,1.1161,0.7896,0.7868,2.5457,1.0,0.2963,0.2728,0.4239,1.0,0.5465,0.5257,0.9623,0.752,1.0,0.6241,3.0652
bs052,N,bs052_N_N_2.lm3,0.4379,1.4034,1.2684,1.8385,0.9233,0.8086,1.1988,0.8353,0.8271,2.6196,1.0,0.3797,0.2944,0.4547,1.0,0.5508,0.5761,1.0002,0.6419,1.0,0.3324,3.2557
bs052,N,bs052_N_N_3.lm3,0.4558,1.4576,1.3831,1.9241,0.8679,0.8412,1.1162,0.8864,0.8499,2.6914,1.0,0.3874,0.287,0.4229,1.0,0.6254,0.5586,0.8356,0.5939,1.0,0.907,3.2813
bs053,N,bs053_N_N_0.lm3,0.5428,1.9703,1.7634,2.289,1.1082,1.0294,1.7007,1.0207,1.0304,2.997,1.0,0.3038,0.3508,0.6542,1.0,0.6544,0.7351,1.1661,0.7084,1.0,0.6636,3.6983
bs053,N,bs053_N_N_1.lm3,0.5967,1.8364,1.4805,2.042,1.0975,0.9435,1.5479,0.9035,0.8808,2.7754,1.0,0.1319,0.3291,0.5801,1.0,0.6038,0.6186,1.2309,0.3991,1.0,0.1351,3.2635
bs053,N,bs053_N_N_2.lm3,0.4249,1.8871,1.6583,2.1609,1.1255,0.9807,1.6003,0.9693,0.9538,2.9003,1.0,0.2599,0.3144,0.4993,1.0,0.6293,0.608,1.5308,0.7401,1.0,0.7038,3.3109
bs053,N,bs053_N_N_3.lm3,0.663,1.8789,1.4417,2.1081,1.2159,0.9964,1.5671,0.9672,0.9378,2.8843,1.0,0.1767,0.3589,0.5283,1.0,0.6188,0.6104,1.2647,0.172,1.0,0.4293,3.2931
bs054,N,bs054_N_N_0.lm3,0.8403,2.3458,1.5874,2.097,1.1367,1.2765,1.9457,1.2473,1.2706,3.4723,1.0,0.3748,0.509,0.5673,1.0,0.4883,0.7636,2.1179,1.9409,1.0,2.5917,3.703
bs054,N,bs054_N_N_1.lm3,0.9982,2.2932,1.4255,2.0044,1.1072,1.3276,1.8608,1.2576,1.214,3.4157,1.0,0.4217,0.5791,0.4997,1.0,0.4974,0.7983,1.8765,1.1091,1.0,2.5315,3.7962
bs054,N,bs054_N_N_2.lm3,1.0347,2.26,1.3012,1.9585,1.2319,1.2129,1.7993,1.2278,1.164,3.3678,1.0,0.2911,0.4177,0.458,1.0,0.4802,0.5021,1.8759,1.3051,1.0,0.6072,3.1491
bs054,N,bs054_N_N_3.lm3,0.94,2.1407,1.2891,1.8775,1.105,1.2673,1.7247,1.1815,1.1294,3.287,1.0,0.276,0.4693,0.5151,1.0,0.4062,0.6878,1.9127,0.9076,1.0,2.9963,3.3544
bs055,N,bs055_N_N_0.lm3,0.7778,1.5191,0.8673,1.3853,0.7506,0.998,1.2695,0.7054,0.7213,2.3972,1.0,0.2249,0.4882,0.3951,1.0,0.3772,0.5618,1.3358,0.5677,1.0,1.4181,3.0472
bs055,N,bs055_N_N_1.lm3,0.7732,1.5091,0.8702,1.3683,0.7299,0.9581,1.317,0.7562,0.7277,2.455,1.0,0.276,0.3603,0.4003,1.0,0.3787,0.4117,0.9665,0.3992,1.0,0.2238,2.827
bs055,N,bs055_N_N_2.lm3,0.7209,1.4852,0.8668,1.3931,0.7522,1.0172,1.3071,0.7177,0.8377,2.4684,1.0,0.3968,0.4613,0.4039,1.0,0.3596,0.5525,1.4147,0.8971,1.0,1.3273,3.1741
bs055,N,bs055_N_N_3.lm3,0.7462,1.5986,0.9823,1.4704,0.7148,1.0092,1.2859,0.8201,0.8266,2.5958,1.0,0.3182,0.4527,0.3855,1.0,0.4544,0.535,1.3837,0.8399,1.0,0.2648,3.1458
bs056,N,bs056_N_N_0.lm3,0.587,1.4834,1.0444,1.3999,0.6401,1.0891,1.6339,1.1159,1.0847,3.0458,1.0,0.8654,0.4137,0.8106,1.0,0.5161,0.5051,1.2559,2.4749,1.0,0.6388,4.1109
bs056,N,bs056_N_N_1.lm3,0.496,1.4702,1.095,1.4698,0.6668,1.1553,1.6376,1.1211,1.0464,3.0006,1.0,0.923,0.6455,0.7245,1.0,0.5992,0.7353,2.5074,3.6535,1.0,0.8358,4.6275
bs056,N,bs056_N_N_2.lm3,0.5108,1.4013,1.0714,1.4565,0.683,1.122,1.6065,1.0166,0.9201,2.8442,1.0,0.6773,0.5601,0.7496,1.0,0.5206,0.7328,1.7815,1.7618,1.0,1.9717,4.2404
bs056,N,bs056_N_N_3.lm3,0.538,1.4195,1.0688,1.457,0.6785,1.0112,1.5786,1.0435,0.8232,2.798,1.0,0.6301,0.3931,0.7032,1.0,0.5435,0.5317,1.1832,1.7453,1.0,0.5112,3.8016
bs057,N,bs057_N_N_0.lm3,0.4792,1.6916,1.444,2.0449,1.0534,0.9421,1.4622,1.0567,0.915,2.9393,1.0,0.3677,0.4,0.4769,1.0,0.6836,0.6754,1.5608,0.7238,1.0,0.0959,3.6036
bs057,N,bs057_N_N_1.lm3,0.6013,1.7178,1.3457,1.9862,1.0423,0.8962,1.383,1.0496,0.962,2.9464,1.0,0.4443,0.4233,0.495,1.0,0.6787,0.7107,1.7354,1.5048,1.0,0.5358,3.752
bs057,N,bs057_N_N_2.lm3,0.5632,1.7215,1.4162,2.0333,1.0151,0.9069,1.3688,1.0066,0.9168,2.9004,1.0,0.3003,0.3649,0.434,1.0,0.6828,0.6208,1.3729,0.7268,1.0,0.3918,3.4028
bs057,N,bs057_N_N_3.lm3,0.6266,1.7432,1.3113,1.9611,1.0546,0.9814,1.3266,0.9804,0.9591,2.9201,1.0,0.2339,0.5337,0.4396,1.0,0.7973,0.739,2.3863,1.0748,1.0,0.7088,3.7435
bs058,N,bs058_N_N_0.lm3,0.6844,1.9506,1.4772,2.0479,0.9724,1.1168,1.7444,1.0099,1.166,3.1194,1.0,0.3524,0.4641,0.6878,1.0,0.7501,0.658,1.7568,1.2785,1.0,1.7337,3.9124
bs058,N,bs058_N_N_1.lm3,0.6968,2.0983,1.6107,2.3899,1.2247,1.2214,2.1079,1.3699,1.4298,3.6659,1.0,0.7633,0.5172,0.9003,1.0,0.7291,0.862,2.0198,2.8468,1.0,0.3456,4.7719
bs058,N,bs058_N_N_2.lm3,0.4431,1.9124,1.5689,2.1283,1.0553,1.141,1.8477,1.2493,1.208,3.3051,1.0,0.8059,0.486,0.773,1.0,0.737,0.7581,3.0093,4.4289,1.0,1.5434,4.56
bs058,N,bs058_N_N_3.lm3,0.7608,2.0018,1.4477,2.141,1.1053,1.1661,1.9993,1.2722,1.2322,3.4119,1.0,0.5908,0.5206,0.8644,1.0,0.7104,0.7736,1.9543,1.7473,1.0,0.0896,4.4598
bs059,N,bs059_N_N_0.lm3,0.655,1.9645,1.522,1.8773,0.8193,1.3699,1.5976,1.0193,1.0448,3.0053,1.0,0.2785,0.6252,0.5224,1.0,0.6439,0.9202,2.0272,0.5843,1.0,1.6119,3.9902
bs059,N,bs059_N_N_1.lm3,0.7923,2.0039,1.4096,1.8901,0.8386,1.2948,1.6627,1.0911,1.1442,3.1286,1.0,0.5422,0.4139,0.4939,1.0,0.5421,0.6122,1.1005,2.1597,1.0,0.2798,3.6043
bs059,N,bs059_N_N_2.lm3,0.7035,1.8942,1.3187,1.7663,0.7916,1.2604,1.5936,1.1356,1.1076,3.123,1.0,0.594,0.3873,0.4748,1.0,0.4831,0.5758,1.1717,2.3356,1.0,0.823,3.515
bs059,N,bs059_N_N_3.lm3,0.768,1.8217,1.2034,1.5618,0.7291,1.1478,1.444,0.8327,0.9844,2.7153,1.0,0.3396,0.345,0.4344,1.0,0.4289,0.4978,0.8074,1.1789,1.0,0.9852,3.0457
bs060,N,bs060_N_N_0.lm3,0.5734,1.5832,1.1117,1.6972,0.8777,0.9429,1.4516,1.0122,0.9652,2.9379,1.0,0.3313,0.39,0.4883,1.0,0.5799,0.5132,2.2026,1.0579,1.0,1.3273,3.3027
bs060,N,bs060_N_N_1.lm3,0.6577,1.4897,0.9008,1.5616,0.914,0.964,1.4211,0.9624,0.9912,2.8952,1.0,0.4538,0.5369,0.489,1.0,0.5224,0.6011,3.4199,1.8475,1.0,0.9474,3.6032
bs060,N,bs060_N_N_2.lm3,0.5744,1.5797,1.2223,1.711,0.6891,0.8244,1.2877,1.0154,1.0089,2.9388,1.0,0.5494,0.2784,0.3736,1.0,0.5202,0.5004,1.1866,1.9199,1.0,0.5316,3.222
bs060,N,bs060_N_N_3.lm3,0.739,1.5745,0.9293,1.5684,0.8748,0.898,1.3913,0.9801,0.9797,2.8872,1.0,0.4644,0.4039,0.4755,1.0,0.4334,0.538,2.0033,1.5673,1.0,1.8198,3.3152
bs061,N,bs061_N_N_0.lm3,0.8133,1.9615,1.2082,1.6324,0.9598,1.1452,1.6421,1.0836,1.1203,3.1822,1.0,0.2158,0.4742,0.4914,1.0,0.5627,0.5361,2.6371,1.1828,1.0,0.2652,3.2802
bs061,N,bs061_N_N_1.lm3,0.7394,1.8211,1.1605,1.6537,0.9706,1.0437,1.522,1.0569,1.0218,3.0473,1.0,0.3258,0.3717,0.4569,1.0,0.5028,0.4534,1.7929,1.6353,1.0,0.5859,3.1106
bs061,N,bs061_N_N_2.lm3,0.7008,1.8718,1.2996,1.692,0.8784,1.0679,1.5089,1.1034,1.0133,3.0889,1.0,0.3142,0.3762,0.4565,1.0,0.5846,0.4798,1.423,0.9931,1.0,0.5983,3.2113
bs061,N,bs061_N_N_3.lm3,0.7993,1.9008,1.1697,1.6718,1.0065,1.1214,1.5833,1.1902,1.074,3.2185,1.0,0.4102,0.4511,0.4808,1.0,0.526,0.5241,2.3538,2.2225,1.0,0.9924,3.3922
bs062,N,bs062_N_N_0.lm3,0.4252,1.4661,1.0964,1.823,1.215,1.0211,1.7584,1.0879,1.1101,3.1274,1.0,0.5422,0.7354,0.8157,1.0,0.7931,0.8915,6.306,2.2387,1.0,1.2271,4.7779
bs062,N,bs062_N_N_1.lm3,0.6498,1.5106,0.897,1.5722,1.0983,1.0048,1.6498,1.1203,1.075,3.1463,1.0,0.4964,0.6246,0.5989,1.0,0.535,0.6922,5.4834,2.1412,1.0,3.6569,3.9471
bs062,N,bs062_N_N_2.lm3,0.5247,1.5057,1.0327,1.86,1.2681,1.0201,1.7778,1.2284,1.1827,3.3047,1.0,0.7679,0.7572,0.6915,1.0,0.7701,0.8605,7.2032,5.1988,1.0,1.0867,4.8472
bs062,N,bs062_N_N_3.lm3,0.455,1.3998,1.0159,1.7596,1.1608,1.0305,1.7824,1.1377,1.133,3.1824,1.0,0.677,0.7819,0.7676,1.0,0.7841,0.8842,5.8966,2.3443,1.0,1.0877,4.8948
bs063,N,bs063_N_N_0.lm3,0.6654,1.7647,1.249,1.9329,1.0158,1.1478,1.7178,1.4501,1.4721,3.774,1.0,0.9948,0.6222,0.7571,1.0,0.6945,0.8383,3.1553,3.849,1.0,2.037,4.9069
bs063,N,bs063_N_N_1.lm3,0.5214,1.5485,1.2655,1.8735,0.9395,1.0081,1.5484,1.0999,1.1451,3.1656,1.0,0.6651,0.5685,0.616,1.0,0.7281,0.8793,3.0113,2.6891,1.0,2.0068,4.457
bs063,N,bs063_N_N_2.lm3,0.5815,1.6761,1.2706,1.8574,0.9218,1.1058,1.7194,1.3098,1.2356,3.4277,1.0,0.81,0.6577,0.8006,1.0,0.7824,0.8623,2.9666,2.8278,1.0,0.7021,4.913
bs063,N,bs063_N_N_3.lm3,0.4773,1.543,1.2592,1.9125,0.9316,1.0548,1.6086,1.2853,1.2774,3.389,1.0,1.13,0.5591,0.8388,1.0,0.8202,0.7149,3.2561,5.1466,1.0,2.9617,5.063
bs064,N,bs064_N_N_0.lm3,0.7278,1.804,1.2256,1.9938,1.207,1.3068,1.7373,1.1725,1.1222,3.2147,1.0,0.55,0.7875,0.6439,1.0,0.7669,0.8938,3.2696,0.7101,1.0,1.065,4.6421
bs064,N,bs064_N_N_1.lm3,0.8563,1.7876,1.0375,1.843,1.1936,1.2897,1.7191,1.0725,1.1124,3.1267,1.0,0.4308,0.7201,0.6718,1.0,0.5974,0.7658,3.4908,1.0446,1.0,2.2168,4.1859
bs064,N,bs064_N_N_2.lm3,0.6836,1.8611,1.4099,2.1336,1.171,1.2945,1.6738,1.0455,1.2179,3.1787,1.0,0.2618,0.8477,0.6707,1.0,0.9766,1.0495,3.0556,0.4505,1.0,0.6237,4.8063
bs064,N,bs064_N_N_3.lm3,0.6543,1.9388,1.3994,2.027,1.1411,1.3843,1.6718,1.113,1.0819,3.1409,1.0,0.403,0.8219,0.5922,1.0,0.7927,0.9816,4.0836,1.1946,1.0,1.723,4.5914
bs065,N,bs065_N_N_0.lm3,0.4368,1.5727,1.2463,1.9543,1.095,1.2299,1.7635,1.1767,1.1566,3.1604,1.0,0.9035,0.8729,0.7815,1.0,0.8947,1.0115,5.319,4.0669,1.0,1.0164,5.4641
bs065,N,bs065_N_N_1.lm3,0.523,1.558,1.1265,1.9138,1.1336,1.2433,1.7405,1.1427,1.2529,3.197,1.0,0.9846,0.8113,0.7918,1.0,0.7451,0.9233,5.3492,5.1321,1.0,1.8093,5.2561
bs065,N,bs065_N_N_2.lm3,0.4628,1.6048,1.263,1.9747,1.103,1.2287,1.7838,1.2293,1.1646,3.2117,1.0,0.9651,0.7499,0.7983,1.0,0.7678,0.9615,4.0659,3.3164,1.0,2.7616,5.2426
bs065,N,bs065_N_N_3.lm3,0.4992,1.5675,1.1629,1.955,1.1561,1.265,1.771,1.3716,1.1961,3.3567,1.0,1.1606,0.8343,0.7516,1.0,0.7843,0.9294,5.0682,5.283,1.0,2.4443,5.4602
bs066,N,bs066_N_N_0.lm3,0.5601,1.8581,1.5194,1.9966,1.1074,1.2434,1.7209,1.1352,1.166,3.2125,1.0,0.5209,0.6566,0.6579,1.0,0.6978,1.0692,2.0955,1.4724,1.0,2.7283,4.6024
bs066,N,bs066_N_N_1.lm3,0.4873,1.8125,1.5447,1.9775,1.0804,1.177,1.668,1.0578,1.0496,3.0679,1.0,0.3672,0.7403,0.5547,1.0,0.9112,1.0125,2.6061,1.065,1.0,0.0367,4.5859
bs066,N,bs066_N_N_2.lm3,0.564,1.8595,1.4423,1.9562,1.222,1.3104,1.7786,1.1898,1.2494,3.3264,1.0,0.6919,0.6062,0.6665,1.0,0.5845,1.0167,2.3933,2.0869,1.0,3.7754,4.5658
bs066,N,bs066_N_N_3.lm3,0.5304,1.7732,1.4005,1.8833,1.0902,1.1436,1.6623,1.0537,1.0449,3.0326,1.0,0.4426,0.627,0.6218,1.0,0.6864,0.9068,2.3639,1.2093,1.0,1.7689,4.2846
bs067,N,bs067_N_N_0.lm3,0.7515,1.8453,1.367,1.9932,0.8862,1.1141,1.4384,0.9893,1.1516,3.0429,1.0,0.5086,0.4115,0.3576,1.0,0.5502,0.5447,0.6351,1.4887,1.0,0.4557,3.3726
bs067,N,bs067_N_N_1.lm3,0.6776,1.7482,1.4707,1.9785,0.6984,1.1445,1.4763,0.9782,0.9693,2.8951,1.0,0.3761,0.5374,0.3964,1.0,0.6278,0.7456,0.6721,0.6633,1.0,0.3055,3.6833
bs067,N,bs067_N_N_2.lm3,0.5749,1.7931,1.5999,2.0542,0.6885,1.0187,1.334,0.874,1.0921,2.8997,1.0,0.3136,0.3156,0.3125,1.0,0.4853,0.6422,0.4675,0.7984,1.0,0.0736,3.0692
bs067,N,bs067_N_N_3.lm3,0.4904,1.8495,1.7634,2.2473,0.7787,1.095,1.527,1.0158,1.1328,3.0671,1.0,0.4343,0.3579,0.3903,1.0,0.5673,0.7463,0.7213,1.0863,1.0,0.204,3.4961
bs068,N,bs068_N_N_0.lm3,0.4926,1.5333,1.219,1.7529,0.8984,1.0731,1.2073,0.8982,0.9396,2.7917,1.0,0.3318,0.4612,0.338,1.0,0.586,0.6295,1.419,1.2119,1.0,0.4079,3.3465
bs068,N,bs068_N_N_1.lm3,0.47,1.6155,1.3513,1.9223,1.0616,1.2821,1.5187,1.0736,1.1848,3.1865,1.0,0.6145,0.6922,0.5725,1.0,0.7345,0.8956,2.3504,1.5084,1.0,1.2086,4.5093
bs068,N,bs068_N_N_2.lm3,0.467,1.4669,1.1426,1.6355,0.918,1.1044,1.224,0.9944,0.8884,2.7911,1.0,0.6608,0.5293,0.3921,1.0,0.5177,0.7483,1.9053,2.1263,1.0,2.4086,3.8482
bs068,N,bs068_N_N_3.lm3,0.3746,1.4283,1.1829,1.6972,0.9927,1.195,1.1677,0.8006,0.9543,2.7168,1.0,0.3272,0.6836,0.3469,1.0,0.688,0.8058,3.2631,1.7142,1.0,0.3546,3.8515
bs069,N,bs069_N_N_0.lm3,0.4079,1.8569,1.5664,2.5054,1.3451,1.2956,1.7097,1.2389,1.3151,3.5083,1.0,0.488,0.8199,0.6077,1.0,1.0476,1.1285,6.5894,3.2449,1.0,0.7903,5.0917
bs069,N,bs069_N_N_1.lm3,0.5582,1.7751,1.4262,2.2204,1.1215,1.2091,1.5924,1.1167,1.1176,3.2075,1.0,0.2643,0.5468,0.5991,1.0,0.6548,0.975,2.5835,0.9488,1.0,3.6494,4.04
bs069,N,bs069_N_N_2.lm3,0.2944,1.6991,1.5736,2.2342,1.0432,1.0809,1.5482,1.0028,1.1756,3.1134,1.0,0.4777,0.6165,0.584,1.0,0.8744,1.0441,14.2518,9.4003,1.0,2.1977,4.5967
bs069,N,bs069_N_N_3.lm3,0.3558,1.8422,1.6906,2.471,1.1841,1.2211,1.7437,1.1853,1.3058,3.4282,1.0,0.5595,0.6112,0.6929,1.0,0.8488,1.1234,3.8093,2.8375,1.0,3.4431,4.8358
bs070,N,bs070_N_N_0.lm3,0.425,1.6531,1.385,1.7681,0.6224,1.0043,1.4365,0.8729,0.8988,2.7367,1.0,0.3108,0.3264,0.4736,1.0,0.5508,0.5465,1.5139,1.6984,1.0,0.4232,3.2081
bs070,N,bs070_N_N_1.lm3,0.4272,1.7326,1.5034,1.8783,0.6013,1.0938,1.5947,1.1153,1.0707,3.1021,1.0,0.5435,0.3091,0.5313,1.0,0.5776,0.5495,1.0626,2.3329,1.0,1.3694,3.511
bs070,N,bs070_N_N_2.lm3,0.5833,1.745,1.405,1.8856,0.7112,1.1181,1.6229,1.0514,1.122,3.0987,1.0,0.4137,0.3594,0.5651,1.0,0.5582,0.6369,1.1514,1.3484,1.0,0.1795,3.5333
bs070,N,bs070_N_N_3.lm3,0.551,1.7386,1.4608,1.8765,0.5979,1.1671,1.643,1.0928,1.0894,3.0902,1.0,0.5317,0.3834,0.5851,1.0,0.6574,0.562,0.915,1.6587,1.0,1.4217,3.7196
bs071,N,bs071_N_N_0.lm3,0.5413,1.6785,1.2959,1.8248,1.0155,1.1093,1.7259,1.1265,1.1097,3.1291,1.0,0.6386,0.6417,0.7145,1.0,0.7901,0.843,3.2444,2.5956,1.0,0.1272,4.6279
bs071,N,bs071_N_N_1.lm3,0.4228,1.6085,1.3266,1.8506,0.9898,1.1367,1.6498,1.1856,1.0677,3.1391,1.0,0.7056,0.6677,0.5504,1.0,0.7878,0.9118,3.5066,2.8496,1.0,0.8753,4.6233
bs071,N,bs071_N_N_2.lm3,0.3721,1.6503,1.3975,1.9872,1.0694,1.0481,1.667,1.0748,1.1651,3.1588,1.0,0.5196,0.5497,0.6743,1.0,0.8136,0.8225,3.9547,2.8337,1.0,2.06,4.3797
bs071,N,bs071_N_N_3.lm3,0.5068,1.5917,1.2298,1.9034,1.0611,1.0457,1.5749,1.2202,1.1673,3.2502,1.0,0.8425,0.5958,0.6174,1.0,0.7334,0.8407,3.1886,3.5807,1.0,1.0728,4.6298
bs072,N,bs072_N_N_0.lm3,0.4961,1.3613,1.0895,1.7366,0.9561,1.1325,1.3445,0.9637,1.0781,2.928,1.0,0.7918,0.5951,0.5173,1.0,0.7257,0.6776,2.1243,2.4599,1.0,1.98,4.3075
bs072,N,bs072_N_N_1.lm3,0.4819,1.4987,1.2076,1.7515,0.9,1.0406,1.5237,0.9744,1.0154,2.9361,1.0,0.4697,0.4074,0.6186,1.0,0.6197,0.614,1.588,1.8195,1.0,0.1673,3.7294
bs072,N,bs072_N_N_2.lm3,0.4289,1.4421,1.1101,1.5913,0.8193,0.9402,1.2677,0.8496,0.9206,2.6983,1.0,0.3751,0.3263,0.4721,1.0,0.5297,0.482,1.9997,2.0234,1.0,1.5671,3.1852
bs072,N,bs072_N_N_3.lm3,0.3946,1.3965,1.1652,1.6782,0.867,1.0792,1.4165,0.9101,0.919,2.7711,1.0,0.4898,0.6032,0.592,1.0,0.6702,0.8034,2.821,1.5812,1.0,1.6071,4.1586
bs073,N,bs073_N_N_0.lm3,0.3727,1.6709,1.4108,2.0985,0.949,1.2554,1.6155,1.1604,1.274,3.3408,1.0,0.6666,0.3731,0.5841,1.0,0.6102,0.6745,2.2776,2.7896,1.0,2.4444,3.9085
bs073,N,bs073_N_N_1.lm3,0.5509,1.892,1.5212,2.2553,1.0296,1.4648,1.8135,1.1121,1.1865,3.2863,1.0,0.1236,0.5606,0.5974,1.0,0.6374,0.9175,2.2145,0.5341,1.0,1.8947,3.8365
bs073,N,bs073_N_N_2.lm3,0.395,1.8986,1.6493,2.4082,1.0691,1.4425,1.9544,1.2021,1.4013,3.5368,1.0,0.4794,0.582,0.6835,1.0,0.7401,0.9972,3.4537,2.3037,1.0,1.7478,4.4822
bs073,N,bs073_N_N_3.lm3,0.5121,1.8818,1.5599,2.3139,1.0238,1.4115,1.8579,1.1701,1.3423,3.4583,1.0,0.4237,0.4738,0.693,1.0,0.7698,0.7517,2.1481,1.562,1.0,1.617,4.112
bs074,N,bs074_N_N_0.lm3,0.3594,1.6156,1.4135,1.8836,0.8609,1.1032,1.7437,0.9243,1.0264,2.883,1.0,0.3534,0.4559,0.7272,1.0,0.7306,0.7527,3.1608,1.6206,1.0,0.5579,4.0198
bs074,N,bs074_N_N_1.lm3,0.323,1.4909,1.3215,1.8088,0.8632,1.1343,1.7868,0.9118,0.9223,2.78,1.0,0.4094,0.6126,0.7678,1.0,0.7802,0.8199,4.2297,1.0695,1.0,0.7214,4.3899
bs074,N,bs074_N_N_2.lm3,0.2808,1.5101,1.3494,1.7797,0.814,1.1426,1.6467,0.8571,0.8592,2.6866,1.0,0.3337,0.5585,0.6414,1.0,0.698,0.8784,5.0197,1.0946,1.0,3.9321,4.11
bs074,N,bs074_N_N_3.lm3,0.3062,1.43,1.2969,1.8148,0.8934,1.0399,1.6417,0.8808,0.9381,2.7519,1.0,0.4943,0.3833,0.7285,1.0,0.6726,0.6491,2.7862,1.4342,1.0,1.5723,3.9278
bs075,N,bs075_N_N_0.lm3,0.5472,1.874,1.5078,2.1582,1.1943,1.2362,1.7201,0.9063,0.9275,2.8207,1.0,0.1543,0.8273,0.5847,1.0,0.9431,0.983,3.5,0.2285,1.0,0.1752,4.4924
bs075,N,bs075_N_N_1.lm3,0.4693,1.8504,1.5558,2.2203,1.1531,1.222,1.6023,0.9791,0.949,2.8776,1.0,0.3812,0.8251,0.5666,1.0,0.9622,1.1152,4.1409,1.6153,1.0,0.5637,4.8503
bs075,N,bs075_N_N_2.lm3,0.3254,1.7297,1.4994,2.0169,1.1213,1.1874,1.6211,0.9347,0.8717,2.7699,1.0,0.3215,0.5932,0.5485,1.0,0.5779,0.9925,5.3858,0.9279,1.0,8.044,4.0336
bs075,N,bs075_N_N_3.lm3,0.705,1.9873,1.4706,2.3505,1.4147,1.1995,1.7364,1.0674,1.2815,3.3048,1.0,0.3609,0.5219,0.5278,1.0,0.7122,0.7494,2.2227,0.1245,1.0,0.6797,3.8722
bs076,N,bs076_N_N_0.lm3,0.5221,1.6861,1.4618,1.8537,0.678,1.121,1.3629,0.7563,0.8386,2.5623,1.0,0.2118,0.4305,0.385,1.0,0.5938,0.7619,1.2088,0.1961,1.0,0.8638,3.383
bs076,N,bs076_N_N_1.lm3,0.4453,1.7318,1.4702,1.947,0.8158,1.1337,1.3929,0.8417,1.0063,2.7805,1.0,0.3071,0.3874,0.3744,1.0,0.4665,0.8115,1.6353,1.7243,1.0,2.4425,3.3469
bs076,N,bs076_N_N_2.lm3,0.4302,1.5786,1.3931,1.7674,0.3945,1.0101,1.3785,0.7833,0.7965,2.5337,1.0,0.2708,0.1927,0.4516,1.0,0.4206,0.5163,0.2337,1.205,1.0,0.2036,2.852
bs076,N,bs076_N_N_3.lm3,0.4297,1.6664,1.4662,1.8554,0.6838,1.1089,1.44,0.8467,0.8862,2.6456,1.0,0.4377,0.4396,0.4259,1.0,0.5763,0.7938,1.7466,1.9568,1.0,1.9503,3.6733
bs077,N,bs077_N_N_0.lm3,0.5684,1.8161,1.3935,1.9686,1.136,1.0312,1.4703,0.9934,1.0663,3.0173,1.0,0.3571,0.445,0.3973,1.0,0.5893,0.7292,2.1426,0.9646,1.0,1.1172,3.5179
bs077,N,bs077_N_N_1.lm3,0.402,1.925,1.7035,2.223,1.1456,1.1358,1.6136,1.0298,1.1626,3.1162,1.0,0.3853,0.4956,0.4693,1.0,0.6437,1.0698,2.8139,1.0107,1.0,4.2123,4.0637
bs077,N,bs077_N_N_2.lm3,0.5435,1.8604,1.4618,2.0206,1.1345,1.1164,1.4557,0.9939,1.0804,3.0075,1.0,0.407,0.5382,0.4496,1.0,0.6467,0.8753,2.7992,1.1184,1.0,2.4535,3.9168
bs077,N,bs077_N_N_3.lm3,0.4689,1.81,1.4775,2.0204,1.1541,1.1537,1.4842,1.037,1.005,3.0054,1.0,0.3651,0.5216,0.4274,1.0,0.6095,0.9931,3.5736,1.7149,1.0,7.2851,3.9167
bs078,N,bs078_N_N_0.lm3,0.5714,2.0226,1.6275,2.3246,1.188,1.4015,1.8104,1.1025,1.198,3.2019,1.0,0.49,0.6407,0.5201,1.0,0.7004,1.038,2.6596,1.4846,1.0,2.5952,4.3892
bs078,N,bs078_N_N_1.lm3,0.4509,1.8756,1.5999,2.2069,1.0989,1.2468,1.7116,1.1695,1.0415,3.1026,1.0,0.61,0.5841,0.5386,1.0,0.7197,1.019,2.8328,2.2858,1.0,3.2168,4.4714
bs078,N,bs078_N_N_2.lm3,0.597,2.0111,1.6477,2.306,1.1501,1.2873,1.865,1.1988,1.2135,3.2913,1.0,0.6204,0.6517,0.6683,1.0,0.8857,0.9248,2.4902,1.7938,1.0,0.0152,4.7509
bs078,N,bs078_N_N_3.lm3,0.5842,2.0291,1.7415,2.4484,1.1607,1.3102,1.8778,1.0983,1.2046,3.2447,1.0,0.3393,0.6628,0.6261,1.0,1.0133,0.9512,2.2915,0.5714,1.0,1.7541,4.5927
bs079,N,bs079_N_N_0.lm3,0.3902,1.8116,1.5967,2.1996,1.0151,1.3384,1.7958,0.9866,0.9863,2.9689,1.0,0.1193,0.4524,0.573,1.0,0.7005,0.7342,2.1649,0.796,1.0,1.5873,3.5794
bs079,N,bs079_N_N_1.lm3,0.4188,1.835,1.6399,2.4292,1.1992,1.4984,1.7708,1.0628,1.1142,3.172,1.0,0.0076,0.8456,0.583,1.0,0.9317,1.1161,4.0227,0.0375,1.0,0.7194,4.484
bs079,N,bs079_N_N_2.lm3,0.3716,1.6739,1.467,2.1704,1.1065,1.3689,1.5618,0.9218,0.9793,2.8909,1.0,0.1968,0.6609,0.5007,1.0,0.7104,0.9855,4.0245,1.2509,1.0,3.2706,4.0543
bs079,N,bs079_N_N_3.lm3,0.3749,1.8111,1.6717,2.4395,1.1922,1.4711,1.8087,1.0962,1.0961,3.1664,1.0,0.3023,0.733,0.661,1.0,0.8202,1.1459,3.9573,1.7022,1.0,2.8169,4.6624
bs080,N,bs080_N_N_0 (1).lm3,0.4043,1.5977,1.3391,1.8222,0.854,1.1228,1.499,0.9621,1.0242,2.9321,1.0,0.3782,0.5485,0.5773,1.0,0.8198,0.7013,2.5761,2.166,1.0,2.297,4.0251
bs080,N,bs080_N_N_0.lm3,0.4043,1.5977,1.3391,1.8222,0.854,1.1228,1.499,0.9621,1.0242,2.9321,1.0,0.3782,0.5485,0.5773,1.0,0.8198,0.7013,2.5761,2.166,1.0,2.297,4.0251
bs080,N,bs080_N_N_1 (1).lm3,0.3757,1.51,1.3502,1.8705,0.8253,1.0913,1.46,0.9618,0.8536,2.7765,1.0,0.4215,0.6441,0.5647,1.0,0.7547,0.8762,2.0808,1.8582,1.0,0.547,4.2612
bs080,N,bs080_N_N_1.lm3,0.3757,1.51,1.3502,1.8705,0.8253,1.0913,1.46,0.9618,0.8536,2.7765,1.0,0.4215,0.6441,0.5647,1.0,0.7547,0.8762,2.0808,1.8582,1.0,0.547,4.2612
bs080,N,bs080_N_N_2 (1).lm3,0.4953,1.5751,1.3316,1.8437,0.7913,1.1855,1.5113,1.0408,0.9541,2.9685,1.0,0.3292,0.5978,0.5616,1.0,0.6627,0.9195,1.7849,1.1369,1.0,2.354,4.0708
bs080,N,bs080_N_N_2.lm3,0.4953,1.5751,1.3316,1.8437,0.7913,1.1855,1.5113,1.0408,0.9541,2.9685,1.0,0.3292,0.5978,0.5616,1.0,0.6627,0.9195,1.7849,1.1369,1.0,2.354,4.0708
bs080,N,bs080_N_N_3 (1).lm3,0.5124,1.6339,1.3449,1.8788,0.8426,1.1405,1.5114,0.9928,1.0257,2.9715,1.0,0.3884,0.628,0.5724,1.0,0.7364,0.8686,2.0522,1.6415,1.0,0.8061,4.1938
bs080,N,bs080_N_N_3.lm3,0.5124,1.6339,1.3449,1.8788,0.8426,1.1405,1.5114,0.9928,1.0257,2.9715,1.0,0.3884,0.628,0.5724,1.0,0.7364,0.8686,2.0522,1.6415,1.0,0.8061,4.1938
bs081,N,bs081_N_N_0 (1).lm3,0.5929,1.7716,1.394,1.8227,0.8487,1.1168,1.4965,0.8029,0.8508,2.6225,1.0,0.2608,0.4173,0.4431,1.0,0.5703,0.6581,1.1325,0.793,1.0,0.2149,3.3496
bs081,N,bs081_N_N_0.lm3,0.5929,1.7716,1.394,1.8227,0.8487,1.1168,1.4965,0.8029,0.8508,2.6225,1.0,0.2608,0.4173,0.4431,1.0,0.5703,0.6581,1.1325,0.793,1.0,0.2149,3.3496
bs081,N,bs081_N_N_1 (1).lm3,0.5265,1.7896,1.4987,1.9019,0.8077,1.1477,1.5897,0.8719,0.9465,2.7834,1.0,0.3233,0.4351,0.4627,1.0,0.6433,0.6989,1.3212,0.8199,1.0,0.0859,3.5633
bs081,N,bs081_N_N_1.lm3,0.5265,1.7896,1.4987,1.9019,0.8077,1.1477,1.5897,0.8719,0.9465,2.7834,1.0,0.3233,0.4351,0.4627,1.0,0.6433,0.6989,1.3212,0.8199,1.0,0.0859,3.5633
bs081,N,bs081_N_N_2 (1).lm3,0.6595,1.7853,1.3762,1.8696,0.8875,1.2084,1.5695,0.9057,0.9129,2.8056,1.0,0.1833,0.5456,0.4798,1.0,0.6612,0.7737,1.5054,0.4158,1.0,0.1131,3.6436
bs081,N,bs081_N_N_2.lm3,0.6595,1.7853,1.3762,1.8696,0.8875,1.2084,1.5695,0.9057,0.9129,2.8056,1.0,0.1833,0.5456,0.4798,1.0,0.6612,0.7737,1.5054,0.4158,1.0,0.1131,3.6436
bs081,N,bs081_N_N_3 (1).lm3,0.5533,1.8696,1.543,1.976,0.8983,1.1876,1.6083,0.9252,0.9567,2.8442,1.0,0.32,0.52,0.4905,1.0,0.7167,0.8424,1.8567,0.9367,1.0,0.7964,3.8896
bs081,N,bs081_N_N_3.lm3,0.5533,1.8696,1.543,1.976,0.8983,1.1876,1.6083,0.9252,0.9567,2.8442,1.0,0.32,0.52,0.4905,1.0,0.7167,0.8424,1.8567,0.9367,1.0,0.7964,3.8896
bs082,N,bs082_N_N_0 (1).lm3,0.3805,1.6101,1.3964,1.9281,0.9917,1.138,1.6827,1.0001,1.0155,2.952,1.0,0.4707,0.5528,0.67,1.0,0.6546,0.912,2.451,1.7616,1.0,1.408,4.2601
bs082,N,bs082_N_N_0.lm3,0.3805,1.6101,1.3964,1.9281,0.9917,1.138,1.6827,1.0001,1.0155,2.952,1.0,0.4707,0.5528,0.67,1.0,0.6546,0.912,2.451,1.7616,1.0,1.408,4.2601
bs082,N,bs082_N_N_1 (1).lm3,0.4637,1.6215,1.3216,1.8944,0.9613,1.0724,1.6488,1.0119,1.1033,3.0287,1.0,0.5271,0.5412,0.7259,1.0,0.7202,0.8253,2.4409,2.1321,1.0,0.2355,4.3397
bs082,N,bs082_N_N_1.lm3,0.4637,1.6215,1.3216,1.8944,0.9613,1.0724,1.6488,1.0119,1.1033,3.0287,1.0,0.5271,0.5412,0.7259,1.0,0.7202,0.8253,2.4409,2.1321,1.0,0.2355,4.3397
bs082,N,bs082_N_N_2 (1).lm3,0.3933,1.6674,1.4604,2.0322,0.9668,1.1991,1.743,1.0299,1.1166,3.0801,1.0,0.4649,0.5901,0.7381,1.0,0.6939,1.0091,2.6473,1.9652,1.0,1.7234,4.4961
bs082,N,bs082_N_N_2.lm3,0.3933,1.6674,1.4604,2.0322,0.9668,1.1991,1.743,1.0299,1.1166,3.0801,1.0,0.4649,0.5901,0.7381,1.0,0.6939,1.0091,2.6473,1.9652,1.0,1.7234,4.4961
bs082,N,bs082_N_N_3 (1).lm3,0.4058,1.6056,1.3712,1.9833,1.0245,1.1023,1.6193,1.0964,1.0801,3.0945,1.0,0.6196,0.5295,0.6828,1.0,0.6725,0.8765,2.3566,2.0684,1.0,1.4606,4.3809
bs082,N,bs082_N_N_3.lm3,0.4058,1.6056,1.3712,1.9833,1.0245,1.1023,1.6193,1.0964,1.0801,3.0945,1.0,0.6196,0.5295,0.6828,1.0,0.6725,0.8765,2.3566,2.0684,1.0,1.4606,4.3809
bs083,N,bs083_N_N_0 (1).lm3,0.4056,1.5921,1.4823,1.8981,0.9418,0.9717,1.4213,0.8874,0.9645,2.7942,1.0,0.4288,0.4858,0.4718,1.0,0.7258,0.8737,1.9065,0.6578,1.0,0.7029,3.9859
bs083,N,bs083_N_N_0.lm3,0.4056,1.5921,1.4823,1.8981,0.9418,0.9717,1.4213,0.8874,0.9645,2.7942,1.0,0.4288,0.4858,0.4718,1.0,0.7258,0.8737,1.9065,0.6578,1.0,0.7029,3.9859
bs083,N,bs083_N_N_1 (1).lm3,0.3922,1.5793,1.4818,1.9197,0.9825,0.9892,1.4929,0.9144,0.9767,2.8412,1.0,0.3866,0.4859,0.4738,1.0,0.7522,0.8226,1.9389,0.3221,1.0,0.273,3.9211
bs083,N,bs083_N_N_1.lm3,0.3922,1.5793,1.4818,1.9197,0.9825,0.9892,1.4929,0.9144,0.9767,2.8412,1.0,0.3866,0.4859,0.4738,1.0,0.7522,0.8226,1.9389,0.3221,1.0,0.273,3.9211
bs083,N,bs083_N_N_2 (1).lm3,0.3335,1.5766,1.4864,1.9032,0.9994,1.0161,1.4931,0.9577,1.0792,2.9329,1.0,0.6051,0.511,0.4565,1.0,0.782,0.8227,3.0733,1.6523,1.0,1.1386,4.1773
bs083,N,bs083_N_N_2.lm3,0.3335,1.5766,1.4864,1.9032,0.9994,1.0161,1.4931,0.9577,1.0792,2.9329,1.0,0.6051,0.511,0.4565,1.0,0.782,0.8227,3.0733,1.6523,1.0,1.1386,4.1773
bs083,N,bs083_N_N_3 (1).lm3,0.4315,1.628,1.4499,1.9036,1.0087,0.9913,1.4481,0.9575,1.0036,2.8749,1.0,0.467,0.4942,0.4021,1.0,0.7408,0.8174,2.1413,0.3895,1.0,0.1384,3.9215
bs083,N,bs083_N_N_3.lm3,0.4315,1.628,1.4499,1.9036,1.0087,0.9913,1.4481,0.9575,1.0036,2.8749,1.0,0.467,0.4942,0.4021,1.0,0.7408,0.8174,2.1413,0.3895,1.0,0.1384,3.9215
bs084,N,bs084_N_N_0 (1).lm3,0.3425,1.3852,1.2043,1.8007,0.9647,1.0345,1.4889,0.8762,0.8727,2.6874,1.0,0.4695,0.4787,0.6716,1.0,0.7343,0.6979,2.909,1.0127,1.0,0.6681,4.052
bs084,N,bs084_N_N_0.lm3,0.3425,1.3852,1.2043,1.8007,0.9647,1.0345,1.4889,0.8762,0.8727,2.6874,1.0,0.4695,0.4787,0.6716,1.0,0.7343,0.6979,2.909,1.0127,1.0,0.6681,4.052
bs084,N,bs084_N_N_1 (1).lm3,0.3018,1.3799,1.2417,1.8139,0.92,1.0863,1.3681,0.9198,0.8951,2.765,1.0,0.4946,0.5984,0.5397,1.0,0.7073,0.9505,4.0318,1.3381,1.0,4.7492,4.2905
bs084,N,bs084_N_N_1.lm3,0.3018,1.3799,1.2417,1.8139,0.92,1.0863,1.3681,0.9198,0.8951,2.765,1.0,0.4946,0.5984,0.5397,1.0,0.7073,0.9505,4.0318,1.3381,1.0,4.7492,4.2905
bs084,N,bs084_N_N_2 (1).lm3,0.3761,1.3344,1.1355,1.7563,0.9858,1.0836,1.3406,0.8435,0.834,2.6384,1.0,0.4009,0.6005,0.5198,1.0,0.6488,0.8951,3.1217,0.6399,1.0,3.926,4.0651
bs084,N,bs084_N_N_2.lm3,0.3761,1.3344,1.1355,1.7563,0.9858,1.0836,1.3406,0.8435,0.834,2.6384,1.0,0.4009,0.6005,0.5198,1.0,0.6488,0.8951,3.1217,0.6399,1.0,3.926,4.0651
bs084,N,bs084_N_N_3 (1).lm3,0.3419,1.4558,1.3457,1.8501,0.7916,1.0384,1.3739,0.9159,0.9153,2.7604,1.0,0.5015,0.5036,0.5845,1.0,0.6716,0.937,2.739,1.5661,1.0,4.2688,4.1982
bs084,N,bs084_N_N_3.lm3,0.3419,1.4558,1.3457,1.8501,0.7916,1.0384,1.3739,0.9159,0.9153,2.7604,1.0,0.5015,0.5036,0.5845,1.0,0.6716,0.937,2.739,1.5661,1.0,4.2688,4.1982
bs085,N,bs085_N_N_0 (1).lm3,0.6169,1.5497,1.1279,1.6254,0.8997,1.0405,1.4088,0.7178,0.797,2.4743,1.0,0.2244,0.5278,0.5039,1.0,0.6265,0.7037,1.6424,0.1557,1.0,0.5455,3.5863
bs085,N,bs085_N_N_0.lm3,0.6169,1.5497,1.1279,1.6254,0.8997,1.0405,1.4088,0.7178,0.797,2.4743,1.0,0.2244,0.5278,0.5039,1.0,0.6265,0.7037,1.6424,0.1557,1.0,0.5455,3.5863
bs085,N,bs085_N_N_1 (1).lm3,0.5707,1.5324,1.1827,1.6725,0.8836,1.0715,1.3879,0.7448,0.7528,2.4649,1.0,0.3104,0.5733,0.5576,1.0,0.6235,0.7932,1.6827,0.4541,1.0,1.1244,3.858
bs085,N,bs085_N_N_1.lm3,0.5707,1.5324,1.1827,1.6725,0.8836,1.0715,1.3879,0.7448,0.7528,2.4649,1.0,0.3104,0.5733,0.5576,1.0,0.6235,0.7932,1.6827,0.4541,1.0,1.1244,3.858
bs085,N,bs085_N_N_2 (1).lm3,0.5811,1.5166,1.1515,1.604,0.8427,1.0845,1.4012,0.7129,0.7399,2.4341,1.0,0.2012,0.5577,0.5316,1.0,0.603,0.79,1.6799,0.1199,1.0,1.4423,3.6835
bs085,N,bs085_N_N_2.lm3,0.5811,1.5166,1.1515,1.604,0.8427,1.0845,1.4012,0.7129,0.7399,2.4341,1.0,0.2012,0.5577,0.5316,1.0,0.603,0.79,1.6799,0.1199,1.0,1.4423,3.6835
bs085,N,bs085_N_N_3 (1).lm3,0.6272,1.476,1.0741,1.545,0.7986,0.9727,1.3944,0.6965,0.7438,2.414,1.0,0.2444,0.428,0.4978,1.0,0.5702,0.603,1.3148,0.1732,1.0,0.2718,3.3434
bs085,N,bs085_N_N_3.lm3,0.6272,1.476,1.0741,1.545,0.7986,0.9727,1.3944,0.6965,0.7438,2.414,1.0,0.2444,0.428,0.4978,1.0,0.5702,0.603,1.3148,0.1732,1.0,0.2718,3.3434
bs086,N,bs086_N_N_0 (1).lm3,0.4114,1.2824,1.0885,1.8003,0.9913,1.1162,1.5049,0.8168,0.8774,2.6751,1.0,0.2984,0.6148,0.6731,1.0,0.747,0.7739,2.4974,0.5522,1.0,0.234,4.1072
bs086,N,bs086_N_N_0.lm3,0.4114,1.2824,1.0885,1.8003,0.9913,1.1162,1.5049,0.8168,0.8774,2.6751,1.0,0.2984,0.6148,0.6731,1.0,0.747,0.7739,2.4974,0.5522,1.0,0.234,4.1072
bs086,N,bs086_N_N_1 (1).lm3,0.4333,1.3556,1.1438,1.8739,1.0006,1.1086,1.4892,0.8642,0.8941,2.7126,1.0,0.2375,0.6007,0.7402,1.0,0.7534,0.8792,2.5042,0.1177,1.0,2.2649,4.211
bs086,N,bs086_N_N_1.lm3,0.4333,1.3556,1.1438,1.8739,1.0006,1.1086,1.4892,0.8642,0.8941,2.7126,1.0,0.2375,0.6007,0.7402,1.0,0.7534,0.8792,2.5042,0.1177,1.0,2.2649,4.211
bs086,N,bs086_N_N_2 (1).lm3,0.3404,1.2895,1.2133,1.9042,1.009,1.2104,1.6553,0.9372,0.9047,2.8044,1.0,0.4673,0.71,0.8078,1.0,0.8464,0.9656,2.888,0.7307,1.0,1.8178,4.7971
bs086,N,bs086_N_N_2.lm3,0.3404,1.2895,1.2133,1.9042,1.009,1.2104,1.6553,0.9372,0.9047,2.8044,1.0,0.4673,0.71,0.8078,1.0,0.8464,0.9656,2.888,0.7307,1.0,1.8178,4.7971
bs086,N,bs086_N_N_3 (1).lm3,0.3946,1.2554,1.0716,1.7736,0.9642,1.0705,1.4286,0.8312,0.8651,2.6576,1.0,0.3643,0.5783,0.6704,1.0,0.7355,0.7864,2.8324,0.6609,1.0,1.0145,4.1349
bs086,N,bs086_N_N_3.lm3,0.3946,1.2554,1.0716,1.7736,0.9642,1.0705,1.4286,0.8312,0.8651,2.6576,1.0,0.3643,0.5783,0.6704,1.0,0.7355,0.7864,2.8324,0.6609,1.0,1.0145,4.1349
bs087,N,bs087_N_N_0 (1).lm3,0.4602,1.9438,1.6777,2.3632,1.0309,1.4459,2.0372,1.0237,1.0346,3.0356,1.0,0.2617,0.6559,0.8516,1.0,0.8128,1.0053,3.38,0.7046,1.0,1.6522,4.5873
bs087,N,bs087_N_N_0.lm3,0.4602,1.9438,1.6777,2.3632,1.0309,1.4459,2.0372,1.0237,1.0346,3.0356,1.0,0.2617,0.6559,0.8516,1.0,0.8128,1.0053,3.38,0.7046,1.0,1.6522,4.5873
bs087,N,bs087_N_N_1 (1).lm3,0.408,2.0252,1.8819,2.6472,1.1668,1.5227,2.116,1.159,1.16,3.2814,1.0,0.3358,0.6264,0.8166,1.0,0.9363,1.0529,3.2866,0.3544,1.0,0.2339,4.768
bs087,N,bs087_N_N_1.lm3,0.408,2.0252,1.8819,2.6472,1.1668,1.5227,2.116,1.159,1.16,3.2814,1.0,0.3358,0.6264,0.8166,1.0,0.9363,1.0529,3.2866,0.3544,1.0,0.2339,4.768
bs087,N,bs087_N_N_2 (1).lm3,0.5053,2.0295,1.7982,2.535,1.0801,1.4906,2.0897,1.0982,1.059,3.1357,1.0,0.256,0.6351,0.8338,1.0,0.9542,0.8836,2.4566,0.1037,1.0,1.5124,4.5627
bs087,N,bs087_N_N_2.lm3,0.5053,2.0295,1.7982,2.535,1.0801,1.4906,2.0897,1.0982,1.059,3.1357,1.0,0.256,0.6351,0.8338,1.0,0.9542,0.8836,2.4566,0.1037,1.0,1.5124,4.5627
bs087,N,bs087_N_N_3 (1).lm3,0.4926,2.0276,1.7931,2.5533,1.1489,1.5797,2.1253,1.1258,1.1554,3.2579,1.0,0.2798,0.7805,0.8303,1.0,0.8991,1.1884,3.4555,0.1297,1.0,2.8382,4.9781
bs087,N,bs087_N_N_3.lm3,0.4926,2.0276,1.7931,2.5533,1.1489,1.5797,2.1253,1.1258,1.1554,3.2579,1.0,0.2798,0.7805,0.8303,1.0,0.8991,1.1884,3.4555,0.1297,1.0,2.8382,4.9781
bs088,N,bs088_N_N_0 (1).lm3,0.3328,1.5638,1.5105,2.1814,1.0418,1.0897,1.6273,0.8697,0.8948,2.7313,1.0,0.3364,0.5308,0.6027,1.0,0.7636,1.0324,3.6644,1.3247,1.0,3.5047,4.2659
bs088,N,bs088_N_N_0.lm3,0.3328,1.5638,1.5105,2.1814,1.0418,1.0897,1.6273,0.8697,0.8948,2.7313,1.0,0.3364,0.5308,0.6027,1.0,0.7636,1.0324,3.6644,1.3247,1.0,3.5047,4.2659
bs088,N,bs088_N_N_1 (1).lm3,0.3808,1.668,1.5803,2.2587,1.0391,1.0303,1.6471,0.9092,0.9025,2.7933,1.0,0.2557,0.4914,0.4985,1.0,0.816,0.9436,2.497,0.4084,1.0,1.8079,4.0052
bs088,N,bs088_N_N_1.lm3,0.3808,1.668,1.5803,2.2587,1.0391,1.0303,1.6471,0.9092,0.9025,2.7933,1.0,0.2557,0.4914,0.4985,1.0,0.816,0.9436,2.497,0.4084,1.0,1.8079,4.0052
bs088,N,bs088_N_N_2 (1).lm3,0.3779,1.6784,1.572,2.3128,1.0869,1.0649,1.6923,0.9354,0.9266,2.8511,1.0,0.1792,0.4648,0.6132,1.0,0.7445,0.9466,2.352,0.3167,1.0,3.0936,3.9483
bs088,N,bs088_N_N_2.lm3,0.3779,1.6784,1.572,2.3128,1.0869,1.0649,1.6923,0.9354,0.9266,2.8511,1.0,0.1792,0.4648,0.6132,1.0,0.7445,0.9466,2.352,0.3167,1.0,3.0936,3.9483
bs088,N,bs088_N_N_3 (1).lm3,0.3843,1.6118,1.5031,2.2158,1.042,1.028,1.5529,0.8604,0.8592,2.7093,1.0,0.1938,0.467,0.4921,1.0,0.7205,0.9477,2.3452,0.2821,1.0,3.1411,3.8211
bs088,N,bs088_N_N_3.lm3,0.3843,1.6118,1.5031,2.2158,1.042,1.028,1.5529,0.8604,0.8592,2.7093,1.0,0.1938,0.467,0.4921,1.0,0.7205,0.9477,2.3452,0.2821,1.0,3.1411,3.8211
bs089,N,bs089_N_N_0 (1).lm3,0.4254,1.5682,1.3781,1.8998,0.9353,0.9164,1.3208,0.8388,0.8517,2.6454,1.0,0.3413,0.3482,0.4524,1.0,0.6141,0.659,1.3833,1.1342,1.0,0.1762,3.415
bs089,N,bs089_N_N_0.lm3,0.4254,1.5682,1.3781,1.8998,0.9353,0.9164,1.3208,0.8388,0.8517,2.6454,1.0,0.3413,0.3482,0.4524,1.0,0.6141,0.659,1.3833,1.1342,1.0,0.1762,3.415
bs089,N,bs089_N_N_1 (1).lm3,0.4472,1.5842,1.3916,1.9589,0.9418,0.969,1.3156,0.8576,0.8747,2.6902,1.0,0.3374,0.4307,0.4284,1.0,0.6067,0.8496,1.5965,1.168,1.0,1.8762,3.6528
bs089,N,bs089_N_N_1.lm3,0.4472,1.5842,1.3916,1.9589,0.9418,0.969,1.3156,0.8576,0.8747,2.6902,1.0,0.3374,0.4307,0.4284,1.0,0.6067,0.8496,1.5965,1.168,1.0,1.8762,3.6528
bs089,N,bs089_N_N_2 (1).lm3,0.5378,1.5157,1.3314,1.904,0.9211,0.9827,1.3138,0.7811,0.7988,2.5582,1.0,0.2562,0.4477,0.4513,1.0,0.5917,0.9029,1.23,0.5712,1.0,1.8997,3.6498
bs089,N,bs089_N_N_2.lm3,0.5378,1.5157,1.3314,1.904,0.9211,0.9827,1.3138,0.7811,0.7988,2.5582,1.0,0.2562,0.4477,0.4513,1.0,0.5917,0.9029,1.23,0.5712,1.0,1.8997,3.6498
bs089,N,bs089_N_N_3 (1).lm3,0.4565,1.5658,1.418,1.9708,0.9339,0.9591,1.3159,0.7908,0.8223,2.5934,1.0,0.2227,0.4133,0.4142,1.0,0.5769,0.9223,1.3105,0.7159,1.0,2.1319,3.5494
bs089,N,bs089_N_N_3.lm3,0.4565,1.5658,1.418,1.9708,0.9339,0.9591,1.3159,0.7908,0.8223,2.5934,1.0,0.2227,0.4133,0.4142,1.0,0.5769,0.9223,1.3105,0.7159,1.0,2.1319,3.5494
bs090,N,bs090_N_N_0.lm3,0.4764,1.3771,1.1757,1.7304,0.8873,0.8861,1.3797,0.7346,0.7557,2.4626,1.0,0.2823,0.4365,0.4784,1.0,0.5616,0.8068,1.2396,0.0621,1.0,1.7685,3.5656
bs090,N,bs090_N_N_1.lm3,0.5411,1.3657,1.1822,1.7517,0.8206,0.8942,1.3337,0.6953,0.7264,2.4018,1.0,0.228,0.4574,0.447,1.0,0.6121,0.8238,1.0981,0.1585,1.0,1.2354,3.5683
bs090,N,bs090_N_N_2.lm3,0.4909,1.3691,1.1509,1.7129,0.8669,0.8478,1.3004,0.7348,0.7316,2.4532,1.0,0.2086,0.3981,0.4515,1.0,0.5964,0.6594,1.1371,0.1954,1.0,0.2664,3.314
bs090,N,bs090_N_N_3.lm3,0.5133,1.3781,1.1445,1.6695,0.8113,0.8862,1.2889,0.7421,0.7717,2.4823,1.0,0.2979,0.4207,0.4581,1.0,0.5321,0.7454,1.0769,0.4311,1.0,1.3744,3.4542
bs091,N,bs091_N_N_0.lm3,0.5355,1.6484,1.3284,1.8875,1.0228,1.1101,1.4748,0.7792,0.8204,2.5605,1.0,0.1994,0.5267,0.5446,1.0,0.6386,0.8627,2.0854,0.0243,1.0,1.5749,3.772
bs091,N,bs091_N_N_1.lm3,0.4432,1.5774,1.3418,1.8907,0.9927,1.0313,1.4029,0.7742,0.7711,2.5092,1.0,0.3189,0.4479,0.5134,1.0,0.6505,0.7272,1.7964,0.7048,1.0,0.1821,3.6579
bs091,N,bs091_N_N_2.lm3,0.482,1.5774,1.3607,1.9401,1.023,1.0512,1.3876,0.7852,0.7861,2.5304,1.0,0.3459,0.4437,0.5118,1.0,0.6865,0.7121,1.526,0.4821,1.0,0.0779,3.7
bs091,N,bs091_N_N_3.lm3,0.5693,1.5643,1.2993,1.8554,0.9562,1.1061,1.3196,0.6921,0.7582,2.4227,1.0,0.2475,0.5446,0.4499,1.0,0.6242,0.9412,1.6415,0.1285,1.0,2.0915,3.8074
bs092,N,bs092_N_N_0.lm3,0.4261,1.4999,1.2261,1.6668,0.8122,1.1153,1.2525,0.8117,0.802,2.5655,1.0,0.3409,0.5589,0.435,1.0,0.5969,0.8536,2.3773,0.712,1.0,2.4433,3.7853
bs092,N,bs092_N_N_1.lm3,0.4751,1.5533,1.3039,1.7442,0.7869,1.1013,1.3245,0.8323,0.8611,2.661,1.0,0.3217,0.5276,0.49,1.0,0.6376,0.8023,1.6844,0.6623,1.0,0.7365,3.7792
bs092,N,bs092_N_N_2.lm3,0.4591,1.5848,1.41,1.9084,0.8871,1.0801,1.294,0.9521,0.8956,2.7709,1.0,0.5489,0.4233,0.4408,1.0,0.6817,0.7197,1.3849,1.2895,1.0,0.113,3.8144
bs092,N,bs092_N_N_3.lm3,0.5092,1.6477,1.3246,1.7886,0.8608,1.1314,1.3748,0.862,0.9158,2.7617,1.0,0.2157,0.4802,0.4755,1.0,0.6715,0.691,1.8153,0.3781,1.0,0.3237,3.5339
bs093,N,bs093_N_N_0.lm3,0.6254,1.6945,1.5424,2.27,1.0408,1.1343,1.6199,1.0583,0.9653,2.9896,1.0,0.3683,0.5119,0.6761,1.0,0.7534,0.9487,1.1941,0.8127,1.0,1.07,4.2584
bs093,N,bs093_N_N_1.lm3,0.5743,1.7649,1.6001,2.3219,1.0568,1.1819,1.7478,1.1,1.0437,3.1175,1.0,0.3111,0.5345,0.7427,1.0,0.7796,0.9739,1.422,0.8229,1.0,0.9911,4.3418
bs093,N,bs093_N_N_2.lm3,0.591,1.6444,1.4275,2.2287,1.1098,1.106,1.7303,1.0365,0.9717,2.9833,1.0,0.2942,0.4981,0.7826,1.0,0.8126,0.7876,1.3694,0.6384,1.0,0.291,4.1751
bs093,N,bs093_N_N_3.lm3,0.5983,1.7344,1.5514,2.3741,1.1494,1.1366,1.8247,1.106,1.0805,3.1365,1.0,0.453,0.4658,0.7772,1.0,0.7883,0.8335,1.2881,0.9978,1.0,0.0871,4.3178
bs094,N,bs094_N_N_0.lm3,0.5364,1.5083,1.3019,1.8751,0.9512,0.9259,1.2279,0.8177,0.7841,2.5256,1.0,0.4776,0.3319,0.3881,1.0,0.5555,0.6268,0.8147,0.8294,1.0,0.1821,3.3799
bs094,N,bs094_N_N_1.lm3,0.6319,1.4907,1.2809,1.9206,0.9973,0.9263,1.2491,0.7806,0.8183,2.517,1.0,0.4435,0.3431,0.3999,1.0,0.579,0.6539,0.7312,0.5816,1.0,0.02,3.4194
bs094,N,bs094_N_N_2.lm3,0.587,1.5168,1.3456,1.94,0.9647,0.9482,1.2562,0.826,0.7939,2.5369,1.0,0.4869,0.3943,0.4093,1.0,0.6221,0.7158,0.7943,0.817,1.0,0.2324,3.6284
bs094,N,bs094_N_N_3.lm3,0.5628,1.53,1.3432,1.9216,0.9682,1.0581,1.2561,0.8127,0.7999,2.5642,1.0,0.3932,0.4829,0.3934,1.0,0.5968,0.9105,1.1023,0.4323,1.0,1.6509,3.7768
bs095,N,bs095_N_N_0.lm3,0.3691,1.2413,1.1515,2.0108,1.1142,1.1383,1.4528,0.8258,0.8091,2.6298,1.0,0.1179,0.6795,0.622,1.0,0.8249,0.924,2.3773,0.1046,1.0,0.4333,4.1683
bs095,N,bs095_N_N_1.lm3,0.3882,1.2431,1.1893,2.0135,1.0589,1.138,1.3742,0.7864,0.7901,2.5651,1.0,0.2322,0.6667,0.5834,1.0,0.7811,1.008,2.042,0.227,1.0,1.3204,4.2714
bs095,N,bs095_N_N_2.lm3,0.4363,1.3132,1.1953,2.0106,1.0674,1.1652,1.5352,0.8165,0.8181,2.6241,1.0,0.071,0.6146,0.6948,1.0,0.7406,0.9493,1.8386,0.0154,1.0,1.3346,4.0703
bs095,N,bs095_N_N_3.lm3,0.4138,1.2293,1.1501,1.9897,1.0877,1.1255,1.4417,0.7748,0.7901,2.5518,1.0,0.2133,0.5961,0.647,1.0,0.845,0.7783,1.7722,0.216,1.0,0.4414,4.0797
bs096,N,bs096_N_N_0.lm3,0.405,1.4707,1.3717,1.9505,1.0339,0.9294,1.3322,0.8843,0.8461,2.6638,1.0,0.5168,0.4783,0.4967,1.0,0.7168,0.9102,1.6687,0.93,1.0,1.2082,4.1188
bs096,N,bs096_N_N_1.lm3,0.4538,1.4837,1.3721,1.9686,1.0086,0.9918,1.2244,0.8982,0.8191,2.6726,1.0,0.419,0.5035,0.4512,1.0,0.6959,0.9578,1.5075,0.5792,1.0,1.4727,4.0274
bs096,N,bs096_N_N_2.lm3,0.4145,1.4788,1.3524,1.9354,1.0201,0.8811,1.243,0.8747,0.8297,2.6455,1.0,0.45,0.4178,0.4286,1.0,0.6987,0.7943,1.4585,0.838,1.0,0.3094,3.7894
bs096,N,bs096_N_N_3.lm3,0.4798,1.513,1.4512,2.0604,1.0269,0.9553,1.269,0.8817,0.8838,2.6932,1.0,0.4854,0.5125,0.4675,1.0,0.7788,1.0225,1.4429,0.5504,1.0,1.2752,4.2667
bs097,N,bs097_N_N_0.lm3,0.5432,1.5043,1.3217,2.2128,1.1514,1.0972,1.4549,0.7728,0.7585,2.5114,1.0,0.2398,0.6439,0.6267,1.0,0.7951,1.0682,1.8962,0.5547,1.0,1.2011,4.3737
bs097,N,bs097_N_N_1.lm3,0.4693,1.5031,1.3586,2.2683,1.2481,1.0849,1.5315,0.9031,0.8273,2.7206,1.0,0.2033,0.611,0.579,1.0,0.8385,0.9712,2.0073,0.4507,1.0,0.5872,4.203
bs097,N,bs097_N_N_2.lm3,0.4605,1.5157,1.3888,2.1952,1.0797,1.1045,1.5643,0.8196,0.7775,2.5511,1.0,0.3923,0.6531,0.7421,1.0,0.835,1.0403,2.0306,1.0055,1.0,1.1401,4.6628
bs097,N,bs097_N_N_3.lm3,0.5779,1.6472,1.4464,2.3519,1.2402,1.1902,1.5952,0.8429,0.8641,2.6831,1.0,0.1835,0.6459,0.5719,1.0,0.8007,1.101,1.8493,0.4901,1.0,1.4666,4.303
bs098,N,bs098_N_N_0.lm3,0.5071,1.6183,1.5079,2.2209,1.0702,1.3183,2.2056,1.0457,1.1031,3.1303,1.0,0.2551,0.6725,1.1549,1.0,0.9154,1.0095,1.8602,0.3408,1.0,0.2322,5.0074
bs098,N,bs098_N_N_1.lm3,0.5697,1.6737,1.6071,2.338,1.0374,1.309,1.9021,0.976,1.0585,3.0311,1.0,0.0819,0.5205,0.8219,1.0,0.8967,0.8582,1.2082,0.2199,1.0,0.949,4.1792
bs098,N,bs098_N_N_2.lm3,0.5199,1.6244,1.4291,2.1341,1.0295,1.2183,1.7974,0.9341,0.964,2.8938,1.0,0.0815,0.5388,0.7346,1.0,0.75,0.8819,1.5671,0.2193,1.0,0.5987,3.9868
bs098,N,bs098_N_N_3.lm3,0.5046,1.6364,1.5091,2.2212,1.0515,1.2713,1.9745,1.0276,1.061,3.0861,1.0,0.1084,0.585,0.8692,1.0,0.8523,0.9324,1.7161,0.0482,1.0,0.152,4.3473
bs099,N,bs099_N_N_0.lm3,0.5163,1.4591,1.1915,1.9122,1.058,1.2516,1.553,0.8759,0.8424,2.7071,1.0,0.1953,0.7573,0.6449,1.0,0.7832,0.9357,2.2839,0.1981,1.0,1.099,4.3164
bs099,N,bs099_N_N_1.lm3,0.4602,1.4665,1.2555,1.8832,0.973,1.164,1.5582,0.8291,0.8339,2.6447,1.0,0.275,0.5137,0.6259,1.0,0.7721,0.6927,1.6569,0.314,1.0,0.8338,3.8794
bs099,N,bs099_N_N_2.lm3,0.5792,1.5086,1.25,1.9361,1.0324,1.129,1.6041,0.8001,0.8525,2.6459,1.0,0.1583,0.5117,0.6188,1.0,0.7227,0.7405,1.346,0.0514,1.0,0.0281,3.752
bs099,N,bs099_N_N_3.lm3,0.485,1.5299,1.3233,1.9908,1.0151,1.2018,1.6429,0.8608,0.865,2.7179,1.0,0.1258,0.6121,0.7006,1.0,0.7938,0.8785,1.8821,0.1623,1.0,0.0143,4.1108
bs100,N,bs100_N_N_0.lm3,0.35,1.3449,1.2637,1.8399,0.9469,1.0692,1.3769,0.8754,0.8051,2.6276,1.0,0.5028,0.6055,0.5877,1.0,0.7677,0.9455,2.442,1.1247,1.0,2.2599,4.4092
bs100,N,bs100_N_N_1.lm3,0.348,1.3326,1.266,1.827,0.8985,1.0653,1.3374,0.8527,0.8174,2.6213,1.0,0.4692,0.5768,0.588,1.0,0.7237,0.9693,2.2674,0.8172,1.0,2.4429,4.327
bs100,N,bs100_N_N_2.lm3,0.3168,1.4014,1.3351,1.8393,0.8742,1.0444,1.3712,0.8812,0.8502,2.6852,1.0,0.4484,0.5365,0.6086,1.0,0.708,0.9723,2.469,0.9141,1.0,2.8111,4.2738
bs100,N,bs100_N_N_3.lm3,0.4076,1.3723,1.3389,1.9149,0.9079,1.1016,1.3971,0.8841,0.8294,2.6672,1.0,0.4737,0.6554,0.6339,1.0,0.8511,1.0515,2.0949,0.6269,1.0,1.8903,4.6656
bs101,N,bs101_N_N_0.lm3,0.4161,1.3941,1.1731,1.9048,0.9822,0.9625,1.4303,0.862,0.876,2.6839,1.0,0.485,0.4029,0.6194,1.0,0.5935,0.6954,1.7064,0.863,1.0,1.2393,3.7962
bs101,N,bs101_N_N_1.lm3,0.4766,1.3603,1.1008,1.8554,0.9794,0.9701,1.3322,0.7432,0.7978,2.5152,1.0,0.2699,0.4596,0.4832,1.0,0.5736,0.7609,1.6471,0.0922,1.0,1.7131,3.5472
bs101,N,bs101_N_N_2.lm3,0.4339,1.4234,1.1988,1.8973,0.9554,1.0282,1.5015,0.8434,0.8404,2.6429,1.0,0.3666,0.4627,0.6286,1.0,0.5701,0.8268,1.828,0.4923,1.0,2.4219,3.8548
bs101,N,bs101_N_N_3.lm3,0.4161,1.3556,1.1853,1.9145,0.9687,1.0111,1.3811,0.7641,0.797,2.5159,1.0,0.3447,0.504,0.5703,1.0,0.65,0.8645,1.8145,0.2594,1.0,2.1841,3.9335
bs102,N,bs102_N_N_0.lm3,0.4462,1.6421,1.4709,2.0007,0.9012,1.106,1.3482,0.8163,0.9068,2.7186,1.0,0.1106,0.3974,0.5917,1.0,0.7387,0.6797,1.5348,0.1644,1.0,0.364,3.5181
bs102,N,bs102_N_N_1.lm3,0.4197,1.5732,1.3595,1.9338,0.9133,1.1177,1.3514,0.8044,0.8102,2.6028,1.0,0.0678,0.5066,0.5586,1.0,0.659,0.8533,2.2386,0.1463,1.0,2.3666,3.6453
bs102,N,bs102_N_N_2.lm3,0.3872,1.5994,1.4189,1.9857,0.9266,1.1358,1.3368,0.8408,0.8144,2.6444,1.0,0.1439,0.4899,0.5302,1.0,0.6879,0.8357,2.3723,0.5286,1.0,1.6925,3.6876
bs102,N,bs102_N_N_3.lm3,0.3791,1.6265,1.5051,2.1188,0.9908,1.169,1.3727,0.929,0.9187,2.8134,1.0,0.3388,0.4545,0.5295,1.0,0.7427,0.8035,1.9825,0.8,1.0,1.0723,3.869
bs103,N,bs103_N_N_0.lm3,0.4302,1.419,1.2226,1.6797,0.7479,0.9411,1.2952,0.7547,0.7314,2.4518,1.0,0.3378,0.3835,0.4074,1.0,0.5399,0.697,1.3807,0.7366,1.0,1.6098,3.3656
bs103,N,bs103_N_N_1.lm3,0.4335,1.4016,1.2359,1.7521,0.794,0.9761,1.3422,0.827,0.7958,2.5732,1.0,0.4433,0.4252,0.436,1.0,0.6164,0.7183,1.4659,0.7062,1.0,1.1197,3.6392
bs103,N,bs103_N_N_2.lm3,0.4094,1.3913,1.245,1.7898,0.8296,0.9794,1.3599,0.8127,0.7633,2.5303,1.0,0.4204,0.4684,0.4581,1.0,0.6829,0.7563,1.6332,0.6759,1.0,0.704,3.7861
bs103,N,bs103_N_N_3.lm3,0.4092,1.4261,1.309,1.829,0.8069,0.9682,1.3697,0.8817,0.8072,2.6284,1.0,0.5062,0.3788,0.4405,1.0,0.6573,0.648,1.2462,0.8321,1.0,0.0235,3.6308
bs104,N,bs104_N_N_0.lm3,0.3177,1.4699,1.372,2.0118,1.0276,1.0531,1.3428,0.9202,0.8822,2.7567,1.0,0.4194,0.5233,0.5059,1.0,0.7103,0.9239,3.0602,1.1391,1.0,3.0486,4.0828
bs104,N,bs104_N_N_1.lm3,0.4659,1.4749,1.3547,2.0672,1.0369,1.0092,1.2601,0.9132,0.8615,2.7269,1.0,0.4643,0.4734,0.4054,1.0,0.6856,0.87,1.5311,0.7937,1.0,1.7183,3.8987
bs104,N,bs104_N_N_2.lm3,0.408,1.4759,1.3617,2.0436,1.0071,0.9566,1.2774,0.9333,0.8144,2.6881,1.0,0.495,0.3916,0.4468,1.0,0.6716,0.7349,1.5485,1.0018,1.0,0.7547,3.7399
bs104,N,bs104_N_N_3.lm3,0.4221,1.4392,1.2808,1.9226,0.9593,0.9068,1.1876,0.779,0.8324,2.5853,1.0,0.1772,0.3752,0.4344,1.0,0.6311,0.6863,1.6015,0.3393,1.0,0.1399,3.3042
francesca,neutral,francesca1_Color.png,1.2403,0.3298,1.3861,2.5369,0.7442,1.0,0.2669,0.5288,1.3556,0.3946,0.4702,0.0851,0.1531,0.2046,1.0,0.3216,0.3108,0.4853,0.1166,1.0,0.1111,2.0752
francesca,neutral,francesca2_Color.png,1.3584,0.4529,1.4465,2.7203,0.7255,1.0,0.2622,0.4798,1.2397,0.3019,0.4778,0.1253,0.1287,0.1861,1.0,0.2629,0.2681,0.4133,0.3203,1.0,0.0164,1.9710
francesca,neutral,francesca3_Color.png,1.4194,0.3883,1.2542,2.5884,0.7206,1.0,0.2633,0.5246,1.3027,0.3549,0.4636,0.0951,0.144,0.2082,1.0,0.2863,0.2955,0.4124,0.1306,1.0,0.0035,2.0291
francesca,neutral,francesca4_Color.png,1.3807,0.3735,1.3266,2.6185,0.7137,1.0,0.3935,0.5495,1.2363,0.4007,0.5235,0.0958,0.1148,0.2246,1.0,0.2742,0.2119,0.3362,0.1586,1.0,0.2819,1.9213
francesca,neutral,francesca5_Color.png,1.2322,0.3166,1.4028,2.5541,0.7824,1.0,0.2583,0.4938,1.1355,0.3165,0.4685,0.0679,0.1391,0.1944,1.0,0.31,0.3099,0.432,0.0535,1.0,0.0431,2.0213
francesca,neutral,francesca6_Color.png,1.6957,0.3875,1.5999,3.2256,0.7381,1.0,0.2995,0.5309,1.509,0.4958,0.47,0.0955,0.1393,0.1994,1.0,0.2704,0.2919,0.4005,0.1486,1.0,0.0058,1.9965
francesca,neutral,francesca7_Color.png,1.6792,0.3627,1.5158,3.1313,0.7094,1.0,0.3854,0.5551,1.4027,0.3799,0.4564,0.0834,0.1395,0.2039,1.0,0.2702,0.3155,0.4302,0.0535,1.0,0.154,2.0125
francesca,neutral,francesca8_Color.png,1.8029,0.5101,1.5075,3.2548,0.7452,1.0,0.3481,0.5045,1.2513,0.4627,0.4559,0.1249,0.1536,0.1897,1.0,0.2745,0.3082,0.4822,0.2103,1.0,0.065,2.0509
francesca,neutral,francesca9_Color.png,1.5828,0.3975,1.8327,3.3473,0.8182,1.0,0.4479,0.568,1.4378,0.3742,0.4602,0.0817,0.1389,0.1925,1.0,0.28,0.3333,0.4924,0.0918,1.0,0.2149,2.0264
francesca,neutral,francesca10_Color.png,1.7066,0.4803,1.6045,3.2415,0.7427,1.0,0.4803,0.573,1.4327,0.462,0.4667,0.1219,0.1449,0.2023,1.0,0.2658,0.3268,0.392,0.2638,1.0,0.1499,2.0617
francesca,neutral,francesca11_Color.png,1.4027,0.3655,1.3549,2.6919,0.8295,1.0,0.2596,0.6004,0.8434,0.286,0.4814,0.0731,0.1114,0.178,1.0,0.2443,0.2281,0.434,0.0449,1.0,0.0694,1.8349
francesca,neutral,francesca12_Color.png,1.3484,0.3379,1.2643,2.555,0.7385,1.0,0.3644,0.5911,0.8418,0.2281,0.4914,0.0529,0.146,0.1781,1.0,0.2911,0.2461,0.5737,0.0111,1.0,0.1611,1.9142
francesca,neutral,francesca13_Color.png,1.1901,0.2537,1.4707,2.5934,0.8682,1.0,0.2508,0.6213,0.9183,0.2791,0.5374,0.0308,0.1246,0.1863,1.0,0.2641,0.2803,0.5468,0.4584,1.0,0.1513,1.8861
francesca,neutral,francesca14_Color.png,1.3064,0.3928,1.3716,2.617,0.7992,1.0,0.2614,0.5794,0.8663,0.2374,0.4768,0.0855,0.1354,0.1757,1.0,0.2667,0.2721,0.5251,0.0042,1.0,0.0416,1.9354
francesca,neutral,francesca15_Color.png,1.0158,0.4275,1.4912,2.4134,0.8587,1.0,0.3728,0.7258,0.9358,0.2588,0.5893,0.1435,0.1519,0.2052,1.0,0.3115,0.2722,0.6625,0.632,1.0,0.1505,2.0843
ludovica,neutral,ludovica1_Color.png,1.8031,0.7288,1.9508,3.6892,0.9407,1.0,0.2623,0.5477,1.3124,0.6997,0.4699,0.1924,0.1102,0.1435,1.0,0.2432,0.2614,0.3079,0.3691,1.0,0.0782,1.9507
ludovica,neutral,ludovica2_Color.png,1.8493,0.443,1.8516,3.6449,0.868,1.0,0.4043,0.5991,1.3323,0.3726,0.4878,0.0981,0.148,0.1607,1.0,0.2953,0.2582,0.4633,0.1207,1.0,0.2349,1.9603000000000002
ludovica,neutral,ludovica3_Color.png,1.7605,0.475,1.8766,3.5727,0.9025,1.0,0.3794,0.5467,1.3132,0.4594,0.4337,0.1097,0.1269,0.1478,1.0,0.2791,0.2387,0.4101,0.1468,1.0,0.2401,1.9022
ludovica,neutral,ludovica4_Color.png,1.9984,0.6661,1.4524,3.4062,0.6516,1.0,0.2971,0.5365,1.2442,0.3523,0.387,0.1567,0.148,0.1516,1.0,0.2822,0.2589,0.4635,0.264,1.0,0.1517,1.9973999999999998
ludovica,neutral,ludovica5_Color.png,1.7427,0.535,1.9646,3.6394,0.9314,1.0,0.2606,0.5528,1.35,0.4462,0.4715,0.1306,0.1216,0.1408,1.0,0.2623,0.2547,0.3751,0.2406,1.0,0.1007,1.91
