identity,expression,filename,dist_enL_seL,dist_enL_prn,dist_seL_prn,dist_seL_ls,dist_prn_ls,dist_alL_alR,dist_chL_chR,dist_enL_exL,dist_enR_exR,dist_exL_exR,dist_enL_enR,dist_gn_prn,dist_gn_sto,dist_seL_seR,dist_ls_sto,area_enL_exL_exR,area_prn_alL_alR,area_chL_chR_ls,area_enL_enR_prn,area_ls_sto_sl,area_seL_prn_alL,area_seR_prn_alR,volume_enL_prn_alL_alR,volume_enL_exL_exR_prn,volume_chL_chR_ls_sto,volume_enL_enR_seL_prn,volume_exL_exR_alL_alR,facial_area
bs000,N,bs000_N_N_0.lm3,0.7055,1.5689,0.9211,1.6894,1.1097,1.1636,1.6939,1.0948,1.0880,3.1083,1.0000,2.5274,1.2077,0.4175,0.2518,0.4451,0.4206,0.5572,0.7439,0.0218,0.3470,0.4261,0.1709,0.0864,0.0225,0.0449,0.1617,8.3505
bs000,N,bs000_N_N_1.lm3,0.6468,1.5936,0.9954,1.7323,1.0955,1.1625,1.6958,1.0592,0.9956,3.0176,1.0000,2.4679,1.0903,0.4246,0.3027,0.2958,0.4600,0.5205,0.7433,0.0148,0.4090,0.4399,0.1954,0.0603,0.0305,0.0395,0.1680,8.1204
bs001,N,bs001_N_N_0.lm3,0.8088,1.6022,0.8785,1.5429,0.9336,1.0395,1.5364,0.8888,0.9790,2.8405,1.0000,2.3184,1.1677,0.3019,0.2700,0.0593,0.3410,0.4025,0.7533,0.0218,0.3335,0.3627,0.1368,0.0144,0.0216,0.0507,0.0852,6.6456
bs002,N,bs002_N_N_0.lm3,0.9383,1.8816,0.9940,1.8437,1.2873,1.0953,1.5763,1.0503,1.0853,3.0587,1.0000,2.6945,1.2749,0.4344,0.1867,0.4069,0.5760,0.4606,0.9294,0.0064,0.4472,0.4756,0.2320,0.1709,0.0208,0.0671,0.0141,8.2609
bs003,N,bs003_N_N_0.lm3,0.6964,1.4654,0.8359,1.5300,0.9978,1.1181,1.5641,0.9943,1.0266,2.9678,1.0000,2.2941,1.0513,0.3441,0.3324,0.3714,0.4064,0.5390,0.7082,0.0190,0.3127,0.3671,0.1513,0.0506,0.0280,0.0476,0.1169,7.4004
bs004,N,bs004_N_N_0.lm3,0.8785,1.7586,0.9273,1.5903,1.0180,1.0233,1.4870,1.0510,1.0023,2.9291,1.0000,2.4598,1.2807,0.3453,0.2742,0.5126,0.3585,0.4364,0.8407,0.0309,0.3720,0.3289,0.1605,0.2226,0.0134,0.0511,0.1047,7.2176
bs005,N,bs005_N_N_0.lm3,0.5674,1.4900,1.0705,1.7548,1.0700,1.0446,1.4016,0.8039,0.7870,2.5168,1.0000,2.4968,1.2781,0.3442,0.2148,0.2956,0.3421,0.3624,0.6878,0.0229,0.4426,0.3591,0.1263,0.0769,0.0053,0.0530,0.0787,5.7956
bs005,N,bs005_N_N_1.lm3,0.5960,1.4302,0.8948,1.7334,1.2315,1.1122,1.3948,0.8265,0.7582,2.5656,1.0000,2.4710,1.0477,0.3764,0.2084,0.1676,0.4240,0.3934,0.6753,0.0084,0.4077,0.3149,0.1462,0.0421,0.0174,0.0341,0.1272,5.9456
bs006,N,bs006_N_N_0.lm3,0.7498,1.6098,0.9682,1.7511,1.0626,1.1667,1.7107,0.9826,1.0096,2.9389,1.0000,2.4495,1.2206,0.3924,0.2413,0.3601,0.3146,0.4559,0.7679,0.0289,0.3563,0.3674,0.1293,0.0957,0.0161,0.0706,0.0073,7.7728
bs007,N,bs007_N_N_0.lm3,0.6478,1.6136,1.0903,1.8620,1.0460,1.1678,1.5380,0.9833,0.9501,2.8583,1.0000,2.2668,1.0600,0.4057,0.1869,0.3507,0.3410,0.4509,0.7662,0.0120,0.4071,0.3907,0.1262,0.1032,0.0197,0.0722,0.0508,7.1037
bs008,N,bs008_N_N_0.lm3,0.5792,1.6741,1.1267,1.7891,1.1128,1.1339,1.5734,1.0124,0.9114,2.8692,1.0000,2.6382,1.2293,0.4683,0.3192,0.3358,0.5401,0.4641,0.8041,0.0132,0.5024,0.5151,0.2285,0.0885,0.0328,0.0347,0.1156,7.5275
bs009,N,bs009_N_N_0.lm3,0.8417,1.6987,0.9974,1.7838,1.1438,1.1388,1.6771,1.0386,1.0288,3.0095,1.0000,2.6662,1.3436,0.3542,0.2458,0.3623,0.3698,0.4699,0.7909,0.0280,0.3929,0.3782,0.1368,0.1032,0.0213,0.0868,0.0413,7.4097
bs010,N,bs010_N_N_0.lm3,1.0040,1.8627,0.9608,2.0122,1.3662,1.1185,1.8403,1.1585,1.1686,3.2654,1.0000,3.1530,1.4807,0.4812,0.3580,0.4790,0.4316,0.6397,0.9193,0.0442,0.4192,0.4466,0.2284,0.0454,0.0317,0.0955,0.0166,10.2525
bs010,N,bs010_N_N_1.lm3,0.9338,1.9665,1.1277,2.0364,1.3176,1.2797,1.7751,1.1071,1.1409,3.2047,1.0000,3.1685,1.5475,0.4927,0.3540,0.2603,0.6034,0.5953,0.9235,0.0296,0.5301,0.5841,0.2807,0.0070,0.0368,0.0933,0.0863,9.4664
bs011,N,bs011_N_N_0.lm3,0.6596,1.5631,0.9734,1.7792,1.1160,1.0703,1.5867,1.0618,1.0198,3.0331,1.0000,2.5691,1.1232,0.4309,0.3625,0.3207,0.3435,0.4312,0.7370,0.0389,0.3805,0.4157,0.1536,0.0050,0.0217,0.0457,0.0472,7.9487
bs012,N,bs012_N_N_0.lm3,0.6060,1.5143,0.9478,1.6618,0.9713,1.1432,1.6842,0.9549,1.0116,2.8825,1.0000,2.7681,1.3935,0.4440,0.4104,0.3753,0.4133,0.5362,0.7168,0.0439,0.3599,0.5074,0.1823,0.1123,0.0410,0.0271,0.1213,7.9699
bs012,N,bs012_N_N_1.lm3,0.5641,1.4697,0.9485,1.5407,0.8806,1.0663,1.6947,0.8975,0.8477,2.7201,1.0000,2.4581,1.2758,0.3298,0.3067,0.2344,0.3545,0.5288,0.7011,0.0107,0.4061,0.3136,0.1387,0.0652,0.0421,0.0229,0.1419,7.1868
bs012,N,bs012_N_N_2.lm3,0.5902,1.4568,0.8940,1.5514,0.9365,1.0258,1.6430,0.8983,0.9740,2.7723,1.0000,2.5626,1.3173,0.3827,0.3161,0.3285,0.3458,0.5965,0.6750,0.0307,0.3549,0.3297,0.1305,0.0888,0.0398,0.0166,0.1214,7.3380
bs013,N,bs013_N_N_0.lm3,0.7503,1.4472,0.7138,1.4612,1.0430,1.0516,1.6181,1.2074,1.1635,3.2537,1.0000,2.5601,1.2428,0.4325,0.2889,0.6515,0.3152,0.4979,0.6951,0.0191,0.2473,0.2722,0.1205,0.1094,0.0270,0.0245,0.0286,8.4755
bs014,N,bs014_N_N_0.lm3,0.6959,1.8076,1.3253,2.0034,1.1181,1.1644,1.6196,1.2033,1.2265,3.3919,1.0000,2.9493,1.5804,0.4372,0.2750,0.2338,0.4749,0.4687,0.8366,0.0166,0.5563,0.6791,0.2147,0.0940,0.0282,0.1094,0.2138,9.9204
bs015,N,bs015_N_N_0.lm3,0.7974,1.6048,0.8722,1.6640,1.1091,1.0150,1.3584,1.0100,1.0635,2.9744,1.0000,2.7798,1.3364,0.3771,0.3692,0.3668,0.3893,0.3808,0.7224,0.0350,0.3543,0.4159,0.1840,0.0915,0.0193,0.0519,0.1167,7.6320
bs016,N,bs016_N_N_0.lm3,0.6374,1.5531,1.0326,1.6171,0.9175,1.3112,1.6632,0.8459,0.8727,2.6756,1.0000,2.4932,1.3782,0.3637,0.2308,0.2901,0.4830,0.4665,0.7621,0.0152,0.4173,0.5106,0.1760,0.0714,0.0233,0.0729,0.1436,6.1374
bs017,N,bs017_N_N_0.lm3,0.6611,1.8315,1.4373,2.1334,1.0429,0.9928,1.5071,0.9193,0.9570,2.8501,1.0000,2.7212,1.3895,0.3398,0.3188,0.1995,0.2597,0.4436,0.8523,0.0293,0.4599,0.4569,0.0985,0.0047,0.0205,0.1163,0.0288,7.9717
bs018,N,bs018_N_N_0.lm3,0.6750,1.5191,0.9353,1.6278,0.9234,0.9554,1.4796,0.9644,1.0224,2.9247,1.0000,2.7900,1.6208,0.3005,0.2533,0.3280,0.2711,0.3896,0.7311,0.0215,0.3603,0.3014,0.1134,0.0608,0.0141,0.0526,0.1183,7.2331
bs019,N,bs019_N_N_0 (1).lm3,0.4280,1.6420,1.3941,1.8177,0.8179,1.0962,1.4950,0.8278,0.7841,2.5964,1.0000,2.2453,1.2377,0.4382,0.2725,0.1582,0.3047,0.4147,0.7625,0.0344,0.4277,0.4454,0.0985,0.0549,0.0166,0.0553,0.0594,6.2904
bs019,N,bs019_N_N_0.lm3,0.4280,1.6420,1.3941,1.8177,0.8179,1.0962,1.4950,0.8278,0.7841,2.5964,1.0000,2.2453,1.2377,0.4382,0.2725,0.1582,0.3047,0.4147,0.7625,0.0344,0.4277,0.4454,0.0985,0.0549,0.0166,0.0553,0.0594,6.2904
bs020,N,bs020_N_N_0.lm3,0.2940,1.2958,1.0475,1.6560,0.9541,1.1279,1.5038,1.0319,0.9343,2.8922,1.0000,2.3900,1.1197,0.4710,0.3351,0.4052,0.3945,0.4025,0.5904,0.0287,0.3811,0.4329,0.1431,0.0843,0.0210,0.0105,0.1524,6.9821
bs021,N,bs021_N_N_0.lm3,0.5514,1.7916,1.2805,1.9445,0.9213,1.0530,1.5588,0.9647,1.0026,2.9341,1.0000,2.7902,1.6184,0.5698,0.2671,0.1858,0.2587,0.5393,0.8472,0.0294,0.3498,0.3496,0.0851,0.0904,0.0236,0.0405,0.0238,7.8672
bs022,N,bs022_N_N_0.lm3,0.4490,1.5776,1.2725,1.8240,0.9128,0.9864,1.5882,1.0517,1.0164,3.0145,1.0000,2.8918,1.6893,0.4058,0.3067,0.3571,0.2814,0.4908,0.7458,0.0304,0.4684,0.4284,0.1180,0.0795,0.0383,0.0531,0.0356,7.7622
bs023,N,bs023_N_N_0.lm3,0.7521,1.6248,0.9640,1.7687,1.0317,1.0945,1.4683,1.0068,1.0460,2.9960,1.0000,2.3364,1.1543,0.4131,0.2606,0.3480,0.4041,0.4011,0.7623,0.0216,0.3630,0.3932,0.1363,0.1313,0.0083,0.0638,0.0520,7.4929
bs024,N,bs024_N_N_0.lm3,0.5923,1.6051,1.2522,1.9998,1.0369,1.0016,1.5822,0.9801,1.0210,2.9672,1.0000,2.7909,1.4239,0.5286,0.3447,0.2853,0.3664,0.5322,0.7644,0.0283,0.5492,0.5955,0.1642,0.0513,0.0266,0.0932,0.0635,7.9878
bs025,N,bs025_N_N_0.lm3,0.8907,1.9522,1.1737,2.0369,1.1930,1.3342,1.6527,1.2006,1.3807,3.4507,1.0000,3.4125,1.8658,0.4867,0.3551,0.4671,0.6744,0.5075,0.8990,0.0293,0.6356,0.7538,0.3444,0.2017,0.0329,0.0896,0.0513,10.7021
bs025,N,bs025_N_N_1.lm3,0.6953,1.7693,1.1414,1.9178,1.1469,1.1293,1.6228,1.1161,0.9646,3.0575,1.0000,2.8459,1.3765,0.3717,0.3422,0.2726,0.4319,0.5009,0.8668,0.0341,0.5145,0.4848,0.2153,0.0941,0.0284,0.0632,0.0113,8.8866
bs026,N,bs026_N_N_0.lm3,0.4461,1.5725,1.1903,1.8240,1.0126,1.1227,1.6500,1.1074,1.0574,3.1022,1.0000,3.0939,1.7655,0.4828,0.3212,0.3507,0.3390,0.5370,0.7171,0.0263,0.4678,0.4763,0.1497,0.0858,0.0224,0.0282,0.0074,9.1003
bs027,N,bs027_N_N_0.lm3,0.7184,1.6727,1.0529,1.8524,1.1641,1.2043,1.8852,1.0000,1.0125,2.9985,1.0000,3.2569,1.7041,0.3986,0.4249,0.1969,0.5856,0.6341,0.8140,0.0143,0.5517,0.5703,0.2586,0.0633,0.0654,0.0679,0.0205,9.6806
bs028,N,bs028_N_N_0.lm3,0.4668,1.7098,1.3294,1.8975,0.8980,1.0530,1.3500,1.0697,1.2288,3.2085,1.0000,2.6430,1.4231,0.4875,0.3487,0.4146,0.4184,0.3249,0.7940,0.0299,0.5797,0.5535,0.1956,0.1388,0.0133,0.0448,0.0372,8.2645
bs029,N,bs029_N_N_0.lm3,0.5117,1.7974,1.4333,2.2755,1.2145,1.3355,1.9137,1.4270,1.4323,3.6900,1.0000,3.3919,1.7160,0.4933,0.4749,0.8162,0.5388,0.6807,0.8594,0.0498,0.5936,0.8862,0.2694,0.2823,0.0618,0.0707,0.4929,12.5192
bs030,N,bs030_N_N_0.lm3,0.3359,1.5600,1.3616,2.0356,1.0635,1.1570,1.6404,1.0504,1.0647,3.0246,1.0000,2.4986,1.2585,0.5824,0.1923,0.4803,0.3866,0.3934,0.7686,0.0032,0.5694,0.4775,0.1535,0.1258,0.0223,0.0546,0.1694,7.5025
bs031,N,bs031_N_N_0.lm3,0.3655,1.4536,1.1467,1.7278,1.0297,0.9778,1.3330,0.8926,0.9762,2.7876,1.0000,2.5274,1.2483,0.4981,0.2822,0.3163,0.3017,0.2649,0.6728,0.0035,0.4235,0.3760,0.1266,0.0571,0.0210,0.0155,0.1109,7.0341
bs032,N,bs032_N_N_0.lm3,0.4543,1.6374,1.3422,1.8370,1.0308,1.0098,1.1760,0.8315,0.8009,2.5888,1.0000,2.6125,1.3824,0.4263,0.2159,0.2327,0.3846,0.2702,0.7843,0.0114,0.4853,0.5492,0.1429,0.0804,0.0147,0.0618,0.0445,5.8693
bs033,N,bs033_N_N_0.lm3,0.4690,1.5091,1.2700,1.7552,0.8171,0.9489,1.2598,0.6910,0.7540,2.4094,1.0000,2.2444,1.2242,0.3566,0.2252,0.1818,0.3094,0.2855,0.7114,0.0183,0.4445,0.4471,0.1102,0.0382,0.0124,0.0552,0.0095,5.4815
bs033,N,bs033_N_N_1.lm3,0.4141,1.5774,1.3900,1.9373,0.9368,1.0470,1.3674,0.8387,0.8093,2.6065,1.0000,2.3440,1.2338,0.3716,0.2149,0.2554,0.3453,0.3281,0.7542,0.0237,0.4384,0.5827,0.1219,0.0619,0.0121,0.0606,0.1368,6.3264
bs034,N,bs034_N_N_0.lm3,0.3934,1.4306,1.1450,1.5155,0.7907,1.0151,1.3366,0.9517,0.9567,2.7965,1.0000,2.3841,1.2977,0.4678,0.3224,0.4707,0.3194,0.3916,0.6975,0.0127,0.4538,0.3867,0.1115,0.1399,0.0235,0.0383,0.1715,6.0232
bs034,N,bs034_N_N_1.lm3,0.3310,1.4452,1.2349,1.7301,0.9190,0.9868,1.4495,0.9569,0.8754,2.7896,1.0000,2.4289,1.2097,0.5303,0.3515,0.2988,0.3135,0.4202,0.6879,0.0477,0.4433,0.4064,0.1190,0.0946,0.0159,0.0356,0.0224,6.3731
bs035,N,bs035_N_N_0.lm3,0.6200,1.6314,1.2817,1.9857,1.0445,1.1307,1.5902,0.9202,1.0159,2.8814,1.0000,2.8809,1.6016,0.3479,0.2566,0.3344,0.4803,0.4727,0.7804,0.0311,0.6532,0.5623,0.1917,0.0918,0.0176,0.0988,0.0777,8.0019
bs035,N,bs035_N_N_1.lm3,0.6582,1.6260,1.1530,1.9490,1.1463,1.1029,1.7176,0.9844,1.0696,3.0109,1.0000,2.9711,1.5618,0.4188,0.2925,0.3010,0.3780,0.5255,0.7668,0.0377,0.4451,0.5457,0.1680,0.1050,0.0244,0.0802,0.0762,8.1944
bs036,N,bs036_N_N_0.lm3,0.4316,1.3996,1.0170,1.7421,0.9271,1.2868,1.5581,0.9198,0.9592,2.7509,1.0000,2.4510,1.3084,0.5072,0.2345,0.5300,0.3555,0.4417,0.6836,0.0283,0.3072,0.4715,0.1291,0.1508,0.0315,0.0292,0.1800,7.1780
bs036,N,bs036_N_N_1.lm3,0.5227,1.3900,0.9453,1.7563,1.0063,1.3066,1.6505,0.9202,0.9330,2.8000,1.0000,2.5558,1.1881,0.3798,0.3842,0.3302,0.3513,0.5235,0.6680,0.0148,0.3523,0.4190,0.1401,0.0840,0.0534,0.0392,0.0419,7.3337
bs037,N,bs037_N_N_0.lm3,0.7006,1.7272,1.1355,1.6846,1.0091,1.1412,1.5077,1.0651,1.0340,3.0414,1.0000,2.3010,1.1059,0.3659,0.2961,0.3575,0.4018,0.4257,0.8396,0.0284,0.3777,0.5365,0.1571,0.0584,0.0156,0.0719,0.2334,7.3308
bs037,N,bs037_N_N_1.lm3,0.6715,1.7383,1.1445,1.6207,0.9847,1.0567,1.5303,1.1081,1.1722,3.1368,1.0000,2.1722,1.0039,0.4544,0.2908,0.5121,0.3117,0.4474,0.8181,0.0161,0.3720,0.3391,0.1070,0.1121,0.0169,0.0505,0.1037,7.3826
bs037,N,bs037_N_N_2.lm3,0.7287,1.7717,1.1445,1.7411,1.0847,1.2091,1.5983,1.1717,1.1277,3.2043,1.0000,2.4369,1.1937,0.3801,0.2992,0.4946,0.5108,0.5247,0.8579,0.0349,0.4940,0.4982,0.2012,0.0934,0.0200,0.0699,0.0247,8.1180
bs038,N,bs038_N_N_0.lm3,0.9830,1.8635,0.9911,1.8577,1.2488,0.9736,1.4708,1.1171,1.1420,3.2216,1.0000,3.3426,1.6190,0.3645,0.4919,0.2613,0.4130,0.4369,0.9085,0.0825,0.4685,0.4435,0.2012,0.1344,0.0288,0.0976,0.1481,8.7003
bs038,N,bs038_N_N_1.lm3,0.9724,1.9742,1.1127,2.0474,1.3354,1.0388,1.6137,1.2397,1.1895,3.3910,1.0000,3.3607,1.6125,0.3312,0.4220,0.3675,0.4446,0.5153,0.9651,0.0391,0.5528,0.4775,0.2261,0.2061,0.0435,0.1076,0.1893,9.9097
bs039,N,bs039_N_N_0.lm3,0.6110,1.6788,1.1844,1.9109,1.2516,1.1928,1.6297,1.0029,1.0400,3.0033,1.0000,2.5791,1.1564,0.4179,0.2866,0.2644,0.3854,0.4539,0.8220,0.0155,0.4722,0.4867,0.1721,0.0299,0.0157,0.0708,0.0765,7.4240
bs040,N,bs040_N_N_0.lm3,0.6759,1.6625,1.1352,1.7187,0.9305,1.0702,1.3991,0.9056,0.9593,2.8222,1.0000,2.1672,1.1789,0.4187,0.1757,0.2581,0.3477,0.3081,0.8095,0.0105,0.3421,0.4641,0.1126,0.0570,0.0059,0.0835,0.1421,6.3032
bs040,N,bs040_N_N_1.lm3,0.7899,1.6758,1.0026,1.6562,1.0022,1.0163,1.4786,0.9494,1.0659,2.9617,1.0000,2.3306,1.2378,0.4378,0.1873,0.2750,0.2602,0.3342,0.8045,0.0073,0.3078,0.2957,0.0844,0.0501,0.0097,0.0820,0.0640,6.8411
bs041,N,bs041_N_N_0.lm3,0.5671,1.7578,1.3108,2.1401,1.2062,1.0849,1.6761,1.1376,1.1208,3.2110,1.0000,2.6624,1.2996,0.4076,0.2062,0.4000,0.3039,0.5049,0.8507,0.0112,0.4741,0.4821,0.1432,0.1846,0.0142,0.0672,0.0155,9.2734
bs041,N,bs041_N_N_1.lm3,0.7273,1.7600,1.1392,1.8880,1.0583,1.1184,1.6718,1.0074,1.1090,3.0284,1.0000,2.4398,1.2135,0.3425,0.1790,0.3816,0.3926,0.5147,0.8232,0.0038,0.4053,0.5821,0.1860,0.1987,0.0238,0.0656,0.1985,8.1423
bs042,N,bs042_N_N_0.lm3,0.9473,2.1992,1.3975,2.1459,1.1889,1.3765,1.8438,1.0911,1.2783,3.2973,1.0000,3.2379,1.6735,0.4986,0.3974,0.4342,0.6845,0.6126,1.0511,0.0349,0.6171,0.8623,0.3230,0.1922,0.0398,0.1338,0.4011,10.5004
bs042,N,bs042_N_N_1.lm3,0.9428,2.0191,1.1954,1.9065,1.1026,1.2691,1.6043,1.0050,1.0621,3.0155,1.0000,2.7967,1.3590,0.4693,0.3728,0.3430,0.6092,0.5178,0.9717,0.0399,0.5277,0.6769,0.2693,0.1141,0.0264,0.1117,0.2914,8.4516
bs043,N,bs043_N_N_0.lm3,0.7295,1.6179,1.0183,1.8034,1.0880,1.0807,1.5958,1.1500,1.1193,3.1944,1.0000,2.6298,1.2999,0.2895,0.2811,0.4599,0.3985,0.3824,0.7903,0.0093,0.3949,0.4780,0.1636,0.1094,0.0303,0.0671,0.1271,8.8485
bs043,N,bs043_N_N_1.lm3,0.7602,1.5583,0.8624,1.6998,1.1019,1.0186,1.5515,1.0772,0.9847,3.0218,1.0000,2.5845,1.2167,0.4770,0.2950,0.3373,0.2890,0.4293,0.7599,0.0129,0.3220,0.3157,0.1191,0.0559,0.0316,0.0526,0.0689,8.4326
bs044,N,bs044_N_N_0.lm3,0.6586,1.8320,1.2654,2.0873,1.1623,1.3421,1.7753,1.1440,1.2505,3.2896,1.0000,2.5909,1.2609,0.4487,0.1843,0.5200,0.5017,0.5009,0.8844,0.0112,0.5686,0.5493,0.2205,0.1242,0.0215,0.0728,0.0724,9.4484
bs044,N,bs044_N_N_1.lm3,0.7148,1.8593,1.2233,2.0529,1.1333,1.2915,1.8257,1.1846,1.2307,3.3362,1.0000,2.5694,1.2245,0.4475,0.2305,0.4336,0.4576,0.5529,0.9043,0.0138,0.5115,0.5435,0.2145,0.0825,0.0264,0.0709,0.0402,9.8497
bs045,N,bs045_N_N_0.lm3,0.5133,1.5060,1.0791,1.6261,0.8510,1.0724,1.5935,0.8715,0.9332,2.6822,1.0000,2.2165,1.0717,0.4268,0.3039,0.4326,0.3434,0.5217,0.7171,0.0177,0.3304,0.4543,0.1252,0.0869,0.0343,0.0437,0.1550,6.4742
bs045,N,bs045_N_N_1.lm3,0.5421,1.5235,1.0248,1.6583,0.9631,1.0453,1.5701,0.9213,0.9708,2.7984,1.0000,2.4547,1.1616,0.4453,0.3486,0.4025,0.2949,0.4584,0.7196,0.0386,0.3107,0.4005,0.1181,0.0715,0.0271,0.0341,0.1037,6.9906
bs046,N,bs046_N_N_0.lm3,0.5229,1.5643,1.0965,1.8452,1.0556,1.2090,1.7803,1.0191,1.0818,3.0028,1.0000,2.5026,1.1165,0.4991,0.3610,0.4363,0.4925,0.5955,0.7270,0.0341,0.4695,0.5281,0.2077,0.0840,0.0330,0.0368,0.0792,8.3917
bs046,N,bs046_N_N_1.lm3,0.5606,1.6103,1.1488,1.9057,1.0406,1.2092,1.8681,1.0625,1.0154,3.0109,1.0000,2.3968,0.9995,0.3896,0.3821,0.4195,0.4726,0.6020,0.7598,0.0282,0.4976,0.5392,0.2075,0.0883,0.0389,0.0578,0.1282,8.4843
bs047,N,bs047_N_N_0.lm3,0.5242,1.6037,1.1446,1.7767,0.8540,1.0978,1.4511,0.9539,0.9766,2.8780,1.0000,2.5912,1.4788,0.4559,0.2750,0.2959,0.4006,0.4197,0.7714,0.0247,0.4199,0.3915,0.1338,0.1176,0.0185,0.0436,0.0809,6.9812
bs047,N,bs047_N_N_1.lm3,0.5300,1.6743,1.1899,1.8288,0.8901,1.0176,1.5250,1.0172,1.0266,2.9846,1.0000,2.3776,1.2699,0.4750,0.2486,0.3463,0.2563,0.4352,0.8070,0.0267,0.3382,0.3438,0.0941,0.1433,0.0155,0.0418,0.0282,7.4298
bs047,N,bs047_N_N_2.lm3,0.6766,1.6696,1.1093,1.7960,0.8486,1.0390,1.5097,1.0405,1.0083,2.9949,1.0000,2.4087,1.3287,0.3300,0.2419,0.3884,0.2534,0.3922,0.8029,0.0174,0.3378,0.3278,0.0828,0.1532,0.0181,0.0740,0.0114,7.2751
bs047,N,bs047_N_N_3.lm3,0.6812,1.6624,1.0556,1.7980,0.9527,1.0401,1.5670,1.0157,0.9831,2.9635,1.0000,2.6084,1.4442,0.3951,0.2574,0.2834,0.2646,0.4418,0.7958,0.0302,0.3220,0.3421,0.1036,0.0965,0.0122,0.0575,0.0333,7.4664
bs048,N,bs048_N_N_0.lm3,0.7437,1.7419,1.1159,1.8350,1.0509,1.0880,1.5923,0.9807,1.0513,2.9718,1.0000,2.7553,1.3933,0.3579,0.3282,0.2870,0.3223,0.5091,0.8293,0.0380,0.4171,0.4317,0.1452,0.0556,0.0311,0.0766,0.0823,8.0532
bs048,N,bs048_N_N_1.lm3,0.7010,1.7650,1.1581,1.7825,0.9692,1.1641,1.6631,1.0387,1.0554,3.0200,1.0000,2.5775,1.2696,0.4430,0.3785,0.4204,0.3960,0.5429,0.8594,0.0530,0.4045,0.4519,0.1500,0.0892,0.0374,0.0718,0.0819,8.1895
bs048,N,bs048_N_N_2.lm3,0.6320,1.7220,1.1508,1.8848,1.1229,1.1456,1.6459,1.0748,1.0623,3.0428,1.0000,2.7701,1.3733,0.4206,0.2829,0.4300,0.3605,0.5453,0.8268,0.0098,0.3782,0.4524,0.1489,0.1050,0.0387,0.0548,0.1311,8.4953
bs048,N,bs048_N_N_3.lm3,0.7622,1.7478,1.0599,1.7558,0.9995,1.0916,1.5109,1.0278,0.9432,2.9251,1.0000,2.5448,1.2512,0.3792,0.3510,0.3267,0.3723,0.4823,0.8445,0.0590,0.3744,0.4257,0.1485,0.0806,0.0183,0.0671,0.0998,7.6956
bs049,N,bs049_N_N_0.lm3,0.3839,1.1065,0.7953,1.2825,0.7605,0.9721,1.0868,0.7080,0.6802,2.3069,1.0000,1.9924,0.9281,0.3284,0.3054,0.2461,0.2361,0.2515,0.4947,0.0193,0.2609,0.2037,0.0656,0.0228,0.0132,0.0044,0.0998,4.6368
bs049,N,bs049_N_N_1.lm3,0.4571,1.1216,0.7343,1.3099,0.8377,0.9578,1.1882,0.8347,0.7513,2.4608,1.0000,2.0728,0.9469,0.2794,0.2924,0.3747,0.2422,0.2703,0.4977,0.0188,0.2098,0.2448,0.0712,0.0671,0.0154,0.0013,0.0733,5.1182
bs049,N,bs049_N_N_2.lm3,0.4879,1.0982,0.6811,1.2647,0.8017,0.8933,1.0672,0.7144,0.6938,2.3400,1.0000,2.0488,0.9644,0.2804,0.2859,0.2484,0.2051,0.2378,0.4814,0.0103,0.2130,0.1878,0.0562,0.0150,0.0115,0.0099,0.0441,4.6074
bs049,N,bs049_N_N_3.lm3,0.4773,1.1313,0.7334,1.3347,0.8053,0.9026,1.1000,0.7222,0.7107,2.3649,1.0000,2.0272,0.9452,0.2681,0.2947,0.1909,0.2188,0.2650,0.4880,0.0234,0.2212,0.2087,0.0658,0.0122,0.0104,0.0082,0.0155,4.7322
bs050,N,bs050_N_N_0.lm3,0.7674,1.7333,1.1017,1.5891,0.8757,1.0717,1.4417,0.8604,0.8643,2.6580,1.0000,2.1343,1.0693,0.3494,0.3130,0.2878,0.3754,0.4017,0.8254,0.0252,0.5007,0.3583,0.1382,0.1004,0.0271,0.0854,0.1727,6.0904
bs050,N,bs050_N_N_1.lm3,0.7083,1.7586,1.1880,1.7010,0.9271,1.0734,1.4985,0.8792,0.9410,2.7463,1.0000,2.2238,1.1415,0.3980,0.3028,0.3442,0.4781,0.4201,0.8458,0.0342,0.4916,0.5301,0.1707,0.0947,0.0243,0.0885,0.0409,6.4597
bs050,N,bs050_N_N_2.lm3,0.7688,1.7072,1.0535,1.5667,0.8997,1.0719,1.5149,0.9030,0.9336,2.7460,1.0000,2.3079,1.2193,0.3986,0.3285,0.3909,0.4409,0.4109,0.8264,0.0413,0.3956,0.4746,0.1568,0.1271,0.0224,0.0802,0.0937,6.6169
bs050,N,bs050_N_N_3.lm3,0.7677,1.7618,1.1078,1.6427,0.9191,1.0440,1.4654,0.9093,0.9274,2.7500,1.0000,2.2763,1.1596,0.4054,0.3037,0.3621,0.4293,0.4075,0.8356,0.0298,0.4208,0.4841,0.1553,0.1437,0.0233,0.0815,0.1044,6.5705
bs051,N,bs051_N_N_0.lm3,1.0243,2.2357,1.3366,2.0495,1.1525,1.2692,1.9328,1.2002,1.2054,3.3886,1.0000,2.8674,1.4737,0.3916,0.4255,0.2423,0.7234,0.7461,1.0914,0.0837,0.7169,0.7718,0.3523,0.1250,0.0382,0.1307,0.0575,10.4965
bs051,N,bs051_N_N_1.lm3,0.9595,2.1407,1.3156,2.0097,1.1155,1.1849,1.9111,1.1238,1.1160,3.2320,1.0000,2.7561,1.3622,0.3504,0.4179,0.1380,0.5462,0.7441,1.0489,0.0622,0.5897,0.6203,0.2399,0.0241,0.0482,0.1253,0.0130,9.4628
bs051,N,bs051_N_N_2.lm3,1.0018,2.1952,1.2944,2.0039,1.1309,1.1583,1.9006,1.1851,1.2136,3.3760,1.0000,2.8422,1.4213,0.3863,0.4100,0.2533,0.4491,0.7052,1.0709,0.0541,0.4794,0.5655,0.1987,0.1240,0.0462,0.1148,0.0389,10.2236
bs051,N,bs051_N_N_3.lm3,1.0394,2.2603,1.3488,2.0935,1.1704,1.2202,1.9210,1.1783,1.2552,3.4073,1.0000,2.9478,1.4744,0.3923,0.4179,0.2024,0.5198,0.6924,1.0995,0.0593,0.5616,0.6587,0.2527,0.0959,0.0512,0.1320,0.0319,10.5231
bs052,N,bs052_N_N_0.lm3,0.4905,1.5178,1.2548,1.8430,0.9569,0.8806,1.1877,0.8770,0.9430,2.7596,1.0000,2.2886,1.1206,0.3748,0.2725,0.2949,0.2382,0.2805,0.7179,0.0295,0.4171,0.3707,0.0877,0.0716,0.0104,0.0673,0.0383,6.2874
bs052,N,bs052_N_N_1.lm3,0.4534,1.4130,1.2434,1.7550,0.8319,0.7744,1.1161,0.7896,0.7868,2.5457,1.0000,2.1466,1.0947,0.3564,0.2821,0.2005,0.1845,0.2868,0.6765,0.0349,0.3697,0.3461,0.0644,0.0503,0.0107,0.0669,0.0418,5.4303
bs052,N,bs052_N_N_2.lm3,0.4379,1.4034,1.2684,1.8385,0.9233,0.8086,1.1988,0.8353,0.8271,2.6196,1.0000,2.3097,1.1718,0.3452,0.2583,0.2559,0.1984,0.3065,0.6740,0.0277,0.3712,0.3587,0.0669,0.0430,0.0115,0.0669,0.0222,5.8196
bs052,N,bs052_N_N_3.lm3,0.4558,1.4576,1.3831,1.9241,0.8679,0.8412,1.1162,0.8864,0.8499,2.6914,1.0000,2.2543,1.1535,0.3653,0.2817,0.2721,0.2016,0.2970,0.7023,0.0325,0.4392,0.3614,0.0694,0.0493,0.0112,0.0830,0.0753,5.9334
bs053,N,bs053_N_N_0.lm3,0.5428,1.9703,1.7634,2.2890,1.1082,1.0294,1.7007,1.0207,1.0304,2.9970,1.0000,2.5677,1.2054,0.3851,0.2986,0.2793,0.3225,0.6014,0.9193,0.0352,0.6016,0.6207,0.1362,0.0827,0.0342,0.1168,0.0775,8.8126
bs053,N,bs053_N_N_1.lm3,0.5967,1.8364,1.4805,2.0420,1.0975,0.9435,1.5479,0.9035,0.8808,2.7754,1.0000,2.5945,1.2436,0.3503,0.2967,0.1141,0.2846,0.5017,0.8649,0.0420,0.5222,0.4965,0.1267,0.0411,0.0212,0.1030,0.0139,7.4680
bs053,N,bs053_N_N_2.lm3,0.4249,1.8871,1.6583,2.1609,1.1255,0.9807,1.6003,0.9693,0.9538,2.9003,1.0000,2.6535,1.3087,0.4669,0.2657,0.2369,0.2866,0.4551,0.9115,0.0013,0.5736,0.4832,0.1237,0.0598,0.0359,0.0808,0.0569,8.1624
bs053,N,bs053_N_N_3.lm3,0.6630,1.8789,1.4417,2.1081,1.2159,0.9964,1.5671,0.9672,0.9378,2.8843,1.0000,2.6586,1.2514,0.4365,0.2398,0.1578,0.3205,0.4718,0.8931,0.0093,0.5527,0.5085,0.1436,0.0195,0.0323,0.1135,0.0487,8.2429
bs054,N,bs054_N_N_0.lm3,0.8403,2.3458,1.5874,2.0970,1.1367,1.2765,1.9457,1.2473,1.2706,3.4723,1.0000,2.9010,1.5120,0.4870,0.3795,0.4295,0.5834,0.6502,1.1460,0.0500,0.5596,0.7581,0.2346,0.2150,0.0410,0.1108,0.2871,10.8698
bs054,N,bs054_N_N_1.lm3,0.9982,2.2932,1.4255,2.0044,1.1072,1.3276,1.8608,1.2576,1.2140,3.4157,1.0000,2.7103,1.3917,0.4304,0.3791,0.4754,0.6528,0.5634,1.1273,0.0560,0.5607,0.8108,0.2653,0.1568,0.0253,0.1414,0.3579,10.4752
bs054,N,bs054_N_N_2.lm3,1.0347,2.2600,1.3012,1.9585,1.2319,1.2129,1.7993,1.2278,1.1640,3.3678,1.0000,2.8275,1.3926,0.4350,0.3623,0.3201,0.4593,0.5036,1.0996,0.0559,0.5281,0.4747,0.2012,0.1400,0.0260,0.1072,0.0651,10.1426
bs054,N,bs054_N_N_3.lm3,0.9400,2.1407,1.2891,1.8775,1.1050,1.2673,1.7247,1.1815,1.1294,3.2870,1.0000,2.6856,1.3483,0.4381,0.3704,0.2937,0.4995,0.5482,1.0642,0.0470,0.4323,0.6421,0.2081,0.0988,0.0304,0.1088,0.3260,9.4298
bs055,N,bs055_N_N_0.lm3,0.7778,1.5191,0.8673,1.3853,0.7506,0.9980,1.2695,0.7054,0.7213,2.3972,1.0000,1.9496,1.0059,0.3229,0.2544,0.1582,0.3433,0.2778,0.7031,0.0244,0.2652,0.3616,0.0908,0.0386,0.0138,0.0680,0.0964,4.7093
bs055,N,bs055_N_N_1.lm3,0.7732,1.5091,0.8702,1.3683,0.7299,0.9581,1.3170,0.7562,0.7277,2.4550,1.0000,1.9255,1.0177,0.2991,0.2305,0.1970,0.2571,0.2857,0.7136,0.0174,0.2703,0.2649,0.0702,0.0290,0.0161,0.0727,0.0163,4.9069
bs055,N,bs055_N_N_2.lm3,0.7209,1.4852,0.8668,1.3931,0.7522,1.0172,1.3071,0.7177,0.8377,2.4684,1.0000,1.9239,0.9939,0.3454,0.2228,0.2771,0.3222,0.2821,0.6983,0.0188,0.2511,0.3512,0.0891,0.0565,0.0125,0.0630,0.0836,5.0738
bs055,N,bs055_N_N_3.lm3,0.7462,1.5986,0.9823,1.4704,0.7148,1.0092,1.2859,0.8201,0.8266,2.5958,1.0000,1.9780,1.0491,0.3700,0.2675,0.2345,0.3336,0.2841,0.7369,0.0285,0.3348,0.3488,0.1027,0.0623,0.0127,0.0742,0.0197,5.3318
bs056,N,bs056_N_N_0.lm3,0.5870,1.4834,1.0444,1.3999,0.6401,1.0891,1.6339,1.1159,1.0847,3.0458,1.0000,1.8910,1.0286,0.3507,0.2583,0.5861,0.2802,0.5490,0.6772,0.0203,0.3495,0.2881,0.0742,0.1462,0.0308,0.0591,0.0378,6.5969
bs056,N,bs056_N_N_1.lm3,0.4960,1.4702,1.0950,1.4698,0.6668,1.1553,1.6376,1.1211,1.0464,3.0006,1.0000,2.1907,1.3241,0.3950,0.2069,0.6185,0.4325,0.4855,0.6701,0.0120,0.4015,0.4155,0.1258,0.1833,0.0241,0.0502,0.0419,6.7387
bs056,N,bs056_N_N_2.lm3,0.5108,1.4013,1.0714,1.4565,0.6830,1.1220,1.6065,1.0166,0.9201,2.8442,1.0000,2.1170,1.2081,0.3331,0.2425,0.4434,0.3667,0.4908,0.6547,0.0206,0.3408,0.4230,0.0976,0.0966,0.0249,0.0548,0.1081,6.3738
bs056,N,bs056_N_N_3.lm3,0.5380,1.4195,1.0688,1.4570,0.6785,1.0112,1.5786,1.0435,0.8232,2.7980,1.0000,2.2263,1.3161,0.2800,0.2437,0.4100,0.2557,0.4575,0.6506,0.0203,0.3536,0.3346,0.0743,0.1096,0.0266,0.0628,0.0321,6.4843
bs057,N,bs057_N_N_0.lm3,0.4792,1.6916,1.4440,2.0449,1.0534,0.9421,1.4622,1.0567,0.9150,2.9393,1.0000,2.4817,1.1917,0.3975,0.3525,0.2994,0.3257,0.3883,0.8142,0.0333,0.5566,0.5232,0.1313,0.0609,0.0140,0.0841,0.0081,8.1534
bs057,N,bs057_N_N_1.lm3,0.6013,1.7178,1.3457,1.9862,1.0423,0.8962,1.3830,1.0496,0.9620,2.9464,1.0000,2.5939,1.3590,0.2927,0.3207,0.3493,0.3328,0.3891,0.7861,0.0386,0.5335,0.5432,0.1416,0.1228,0.0048,0.0816,0.0437,8.0896
bs057,N,bs057_N_N_2.lm3,0.5632,1.7215,1.4162,2.0333,1.0151,0.9069,1.3688,1.0066,0.9168,2.9004,1.0000,2.5688,1.3575,0.2692,0.3422,0.2475,0.3008,0.3577,0.8242,0.0391,0.5628,0.4942,0.1305,0.0691,0.0031,0.0950,0.0372,8.2602
bs057,N,bs057_N_N_3.lm3,0.6266,1.7432,1.3113,1.9611,1.0546,0.9814,1.3266,0.9804,0.9591,2.9201,1.0000,2.5784,1.2901,0.2551,0.3478,0.1916,0.4371,0.3601,0.8191,0.0365,0.6531,0.5839,0.1979,0.0891,0.0079,0.0829,0.0588,8.1667
bs058,N,bs058_N_N_0.lm3,0.6844,1.9506,1.4772,2.0479,0.9724,1.1168,1.7444,1.0099,1.1660,3.1194,1.0000,2.6765,1.4627,0.3460,0.2815,0.3315,0.4365,0.6469,0.9405,0.0336,0.7055,0.5884,0.2067,0.1504,0.0344,0.1176,0.2039,9.0095
bs058,N,bs058_N_N_1.lm3,0.6968,2.0983,1.6107,2.3899,1.2247,1.2214,2.1079,1.3699,1.4298,3.6659,1.0000,3.3769,1.8021,0.4297,0.3675,0.7839,0.5312,0.9246,1.0270,0.0346,0.7488,0.8338,0.2901,0.4089,0.0749,0.1436,0.0496,11.8769
bs058,N,bs058_N_N_2.lm3,0.4431,1.9124,1.5689,2.1283,1.0553,1.1410,1.8477,1.2493,1.2080,3.3051,1.0000,2.8949,1.4754,0.4094,0.4160,0.7619,0.4594,0.7307,0.9453,0.0583,0.6967,0.6477,0.2248,0.3309,0.0531,0.0747,0.1153,10.3411
bs058,N,bs058_N_N_3.lm3,0.7608,2.0018,1.4477,2.1410,1.1053,1.1661,1.9993,1.2722,1.2322,3.4119,1.0000,2.8315,1.4225,0.3094,0.3302,0.5779,0.5092,0.8455,0.9781,0.0229,0.6949,0.7163,0.2613,0.2336,0.0668,0.1337,0.0120,10.7358
bs059,N,bs059_N_N_0.lm3,0.6550,1.9645,1.5220,1.8773,0.8193,1.3699,1.5976,1.0193,1.0448,3.0053,1.0000,2.1251,1.1378,0.3367,0.2845,0.2584,0.5801,0.4847,0.9279,0.0157,0.5975,0.8104,0.2130,0.0614,0.0273,0.1051,0.1694,7.9089
bs059,N,bs059_N_N_1.lm3,0.7923,2.0039,1.4096,1.8901,0.8386,1.2948,1.6627,1.0911,1.1442,3.1286,1.0000,2.2862,1.2985,0.2951,0.2703,0.5206,0.3975,0.4742,0.9602,0.0262,0.5205,0.5480,0.1346,0.2641,0.0196,0.1223,0.0342,8.6389
bs059,N,bs059_N_N_2.lm3,0.7035,1.8942,1.3187,1.7663,0.7916,1.2604,1.5936,1.1356,1.1076,3.1230,1.0000,2.1421,1.2131,0.4227,0.2222,0.5442,0.3548,0.4350,0.9162,0.0185,0.4426,0.4686,0.1100,0.2193,0.0173,0.0939,0.0773,8.3845
bs059,N,bs059_N_N_3.lm3,0.7680,1.8217,1.2034,1.5618,0.7291,1.1478,1.4440,0.8327,0.9844,2.7153,1.0000,1.8407,1.0118,0.3596,0.2351,0.2897,0.2943,0.3705,0.8530,0.0173,0.3659,0.3831,0.0715,0.1044,0.0170,0.0885,0.0872,6.5252
bs060,N,bs060_N_N_0.lm3,0.5734,1.5832,1.1117,1.6972,0.8777,0.9429,1.4516,1.0122,0.9652,2.9379,1.0000,2.1226,1.0443,0.3630,0.2263,0.2426,0.2856,0.3576,0.7324,0.0209,0.4247,0.3545,0.1133,0.0544,0.0183,0.0514,0.0683,6.9328
bs060,N,bs060_N_N_1.lm3,0.6577,1.4897,0.9008,1.5616,0.9140,0.9640,1.4211,0.9624,0.9912,2.8952,1.0000,2.0905,1.0098,0.3472,0.1839,0.3191,0.3775,0.3438,0.7031,0.0110,0.3673,0.3932,0.1489,0.0804,0.0154,0.0435,0.0412,6.8106
bs060,N,bs060_N_N_2.lm3,0.5744,1.5797,1.2223,1.7110,0.6891,0.8244,1.2877,1.0154,1.0089,2.9388,1.0000,1.7323,0.8110,0.2848,0.2791,0.4104,0.2080,0.2791,0.7471,0.0322,0.3886,0.3664,0.0855,0.1384,0.0114,0.0721,0.0383,6.4707
bs060,N,bs060_N_N_3.lm3,0.7390,1.5745,0.9293,1.5684,0.8748,0.8980,1.3913,0.9801,0.9797,2.8872,1.0000,2.1755,1.1017,0.3223,0.2122,0.3439,0.2991,0.3521,0.7406,0.0095,0.3210,0.3745,0.1216,0.0952,0.0178,0.0607,0.1105,6.7202
bs061,N,bs061_N_N_0.lm3,0.8133,1.9615,1.2082,1.6324,0.9598,1.1452,1.6421,1.0836,1.1203,3.1822,1.0000,2.1996,1.1541,0.4483,0.2676,0.1967,0.4321,0.4478,0.9113,0.0223,0.5128,0.4125,0.1837,0.0824,0.0248,0.0697,0.0185,8.0195
bs061,N,bs061_N_N_1.lm3,0.7394,1.8211,1.1605,1.6537,0.9706,1.0437,1.5220,1.0569,1.0218,3.0473,1.0000,2.1538,1.0799,0.4278,0.2739,0.2842,0.3242,0.3985,0.8723,0.0163,0.4386,0.3467,0.1252,0.1142,0.0241,0.0698,0.0409,7.4442
bs061,N,bs061_N_N_2.lm3,0.7008,1.8718,1.2996,1.6920,0.8784,1.0679,1.5089,1.1034,1.0133,3.0889,1.0000,2.1521,1.1544,0.3661,0.2875,0.2787,0.3337,0.4049,0.8869,0.0179,0.5184,0.3896,0.1243,0.0868,0.0235,0.0874,0.0523,7.3692
bs061,N,bs061_N_N_3.lm3,0.7993,1.9008,1.1697,1.6718,1.0065,1.1214,1.5833,1.1902,1.0740,3.2185,1.0000,2.1649,1.0860,0.4509,0.2589,0.3703,0.4073,0.4342,0.9029,0.0242,0.4750,0.4160,0.1692,0.1597,0.0196,0.0719,0.0713,7.9721
bs062,N,bs062_N_N_0.lm3,0.4252,1.4661,1.0964,1.8230,1.2150,1.0211,1.7584,1.0879,1.1101,3.1274,1.0000,2.6349,1.2392,0.5153,0.2492,0.3676,0.4986,0.5530,0.6780,0.0279,0.5377,0.5328,0.2029,0.0720,0.0230,0.0322,0.0395,8.2691
bs062,N,bs062_N_N_1.lm3,0.6498,1.5106,0.8970,1.5722,1.0983,1.0048,1.6498,1.1203,1.0750,3.1463,1.0000,2.5411,1.2018,0.4861,0.2978,0.3595,0.4524,0.4338,0.7243,0.0194,0.3875,0.4744,0.1898,0.0741,0.0269,0.0346,0.1266,7.9545
bs062,N,bs062_N_N_2.lm3,0.5247,1.5057,1.0327,1.8600,1.2681,1.0201,1.7778,1.2284,1.1827,3.3047,1.0000,2.8783,1.4154,0.4512,0.2361,0.5466,0.5391,0.4922,0.7119,0.0190,0.5483,0.5643,0.2319,0.1674,0.0226,0.0322,0.0350,9.7271
bs062,N,bs062_N_N_3.lm3,0.4550,1.3998,1.0159,1.7596,1.1608,1.0305,1.7824,1.1377,1.1330,3.1824,1.0000,2.6361,1.2493,0.4999,0.2675,0.4493,0.5189,0.5094,0.6636,0.0164,0.5204,0.5355,0.2068,0.0822,0.0301,0.0351,0.0382,8.7082
bs063,N,bs063_N_N_0.lm3,0.6654,1.7647,1.2490,1.9329,1.0158,1.1478,1.7178,1.4501,1.4721,3.7740,1.0000,2.8466,1.4200,0.2793,0.4200,0.8517,0.5327,0.6482,0.8561,0.0410,0.5946,0.6881,0.2495,0.3043,0.0555,0.0791,0.1611,10.7839
bs063,N,bs063_N_N_1.lm3,0.5214,1.5485,1.2655,1.8735,0.9395,1.0081,1.5484,1.0999,1.1451,3.1656,1.0000,2.6032,1.3080,0.2996,0.3630,0.4936,0.4220,0.4572,0.7422,0.0314,0.5404,0.6463,0.1749,0.1562,0.0337,0.0581,0.1166,8.0924
bs063,N,bs063_N_N_2.lm3,0.5815,1.6761,1.2706,1.8574,0.9218,1.1058,1.7194,1.3098,1.2356,3.4277,1.0000,2.6937,1.3506,0.3457,0.4337,0.6573,0.5337,0.6497,0.8115,0.0256,0.6349,0.6949,0.2320,0.2211,0.0594,0.0782,0.0549,9.7743
bs063,N,bs063_N_N_3.lm3,0.4773,1.5430,1.2592,1.9125,0.9316,1.0548,1.6086,1.2853,1.2774,3.3890,1.0000,2.7588,1.3711,0.2651,0.5023,0.8547,0.4229,0.6344,0.7563,0.0678,0.6203,0.5157,0.1751,0.2767,0.0261,0.0538,0.1592,9.3401
bs064,N,bs064_N_N_0.lm3,0.7278,1.8040,1.2256,1.9938,1.2070,1.3068,1.7373,1.1725,1.1222,3.2147,1.0000,2.8253,1.3611,0.4414,0.3085,0.4734,0.6778,0.5542,0.8607,0.0134,0.6600,0.6794,0.3144,0.0683,0.0442,0.0961,0.1024,8.6225
bs064,N,bs064_N_N_1.lm3,0.8563,1.7876,1.0375,1.8430,1.1936,1.2897,1.7191,1.0725,1.1124,3.1267,1.0000,2.7972,1.3776,0.3963,0.2823,0.3658,0.6115,0.5704,0.8491,0.0203,0.5073,0.6284,0.2899,0.0868,0.0368,0.0830,0.1841,8.2078
bs064,N,bs064_N_N_2.lm3,0.6836,1.8611,1.4099,2.1336,1.1710,1.2945,1.6738,1.0455,1.2179,3.1787,1.0000,2.7634,1.3354,0.4274,0.3035,0.2206,0.7144,0.5652,0.8427,0.0141,0.8230,0.7974,0.3362,0.0496,0.0415,0.1100,0.0686,8.3207
bs064,N,bs064_N_N_3.lm3,0.6543,1.9388,1.3994,2.0270,1.1411,1.3843,1.6718,1.1130,1.0819,3.1409,1.0000,2.5689,1.2619,0.4709,0.2536,0.3728,0.7604,0.5479,0.9251,0.0189,0.7333,0.7990,0.3474,0.1016,0.0318,0.0851,0.1466,8.6022
bs065,N,bs065_N_N_0.lm3,0.4368,1.5727,1.2463,1.9543,1.0950,1.2299,1.7635,1.1767,1.1566,3.1604,1.0000,2.5887,1.1392,0.4990,0.4081,0.6605,0.6381,0.5713,0.7311,0.0549,0.6541,0.6512,0.2586,0.1977,0.0327,0.0486,0.0494,8.5709
bs065,N,bs065_N_N_1.lm3,0.5230,1.5580,1.1265,1.9138,1.1336,1.2433,1.7405,1.1427,1.2529,3.1970,1.0000,2.5351,1.0791,0.4395,0.3422,0.7218,0.5947,0.5804,0.7331,0.0248,0.5462,0.6030,0.2491,0.2390,0.0394,0.0466,0.0843,8.7381
bs065,N,bs065_N_N_2.lm3,0.4628,1.6048,1.2630,1.9747,1.1030,1.2287,1.7838,1.2293,1.1646,3.2117,1.0000,2.5208,1.1049,0.4865,0.3378,0.7286,0.5662,0.6027,0.7550,0.0347,0.5797,0.6259,0.2348,0.1915,0.0349,0.0578,0.1595,9.3218
bs065,N,bs065_N_N_3.lm3,0.4992,1.5675,1.1629,1.9550,1.1561,1.2650,1.7710,1.3716,1.1961,3.3567,1.0000,2.6754,1.1457,0.4435,0.4055,0.8725,0.6272,0.5651,0.7518,0.0453,0.5896,0.6416,0.2619,0.2730,0.0371,0.0517,0.1263,9.5368
bs066,N,bs066_N_N_0.lm3,0.5601,1.8581,1.5194,1.9966,1.1074,1.2434,1.7209,1.1352,1.1660,3.2125,1.0000,2.7316,1.4591,0.5711,0.2821,0.4498,0.5670,0.5681,0.8635,0.0233,0.6026,0.8428,0.2215,0.1556,0.0310,0.1057,0.2883,7.9738
bs066,N,bs066_N_N_1.lm3,0.4873,1.8125,1.5447,1.9775,1.0804,1.1770,1.6680,1.0578,1.0496,3.0679,1.0000,2.8032,1.5506,0.5460,0.2615,0.3195,0.6442,0.4826,0.8701,0.0190,0.7928,0.7800,0.2548,0.1041,0.0284,0.0978,0.0036,7.5240
bs066,N,bs066_N_N_2.lm3,0.5640,1.8595,1.4423,1.9562,1.2220,1.3104,1.7786,1.1898,1.2494,3.3264,1.0000,2.7527,1.4522,0.7088,0.2623,0.6280,0.5502,0.6050,0.9077,0.0311,0.5306,0.8705,0.2313,0.2017,0.0288,0.0967,0.3649,8.7349
bs066,N,bs066_N_N_3.lm3,0.5304,1.7732,1.4005,1.8833,1.0902,1.1436,1.6623,1.0537,1.0449,3.0326,1.0000,2.6833,1.4612,0.5800,0.2511,0.3719,0.5269,0.5226,0.8404,0.0294,0.5768,0.6828,0.2003,0.1024,0.0152,0.0847,0.1498,7.5242
bs067,N,bs067_N_N_0.lm3,0.7515,1.8453,1.3670,1.9932,0.8862,1.1141,1.4384,0.9893,1.1516,3.0429,1.0000,2.5749,1.4957,0.4221,0.2284,0.4519,0.3657,0.3178,0.8887,0.0155,0.4890,0.4136,0.0868,0.2036,0.0164,0.1367,0.0623,8.3460
bs067,N,bs067_N_N_1.lm3,0.6776,1.7482,1.4707,1.9785,0.6984,1.1445,1.4763,0.9782,0.9693,2.8951,1.0000,2.2515,1.3835,0.3813,0.2228,0.3194,0.4564,0.3367,0.8493,0.0208,0.5332,0.5803,0.0968,0.0955,0.0116,0.1440,0.0440,7.4699
bs067,N,bs067_N_N_2.lm3,0.5749,1.7931,1.5999,2.0542,0.6885,1.0187,1.3340,0.8740,1.0921,2.8997,1.0000,2.2304,1.3291,0.4304,0.2421,0.2678,0.2695,0.2669,0.8542,0.0197,0.4145,0.4754,0.0556,0.0949,0.0126,0.1188,0.0087,7.2771
bs067,N,bs067_N_N_3.lm3,0.4904,1.8495,1.7634,2.2473,0.7787,1.0950,1.5270,1.0158,1.1328,3.0671,1.0000,2.3475,1.4083,0.5475,0.2140,0.3894,0.3209,0.3500,0.8967,0.0197,0.5087,0.5700,0.0868,0.1307,0.0135,0.1203,0.0245,8.3408
bs068,N,bs068_N_N_0.lm3,0.4926,1.5333,1.2190,1.7529,0.8984,1.0731,1.2073,0.8982,0.9396,2.7917,1.0000,1.9426,0.9458,0.5042,0.1905,0.2353,0.3270,0.2396,0.7089,0.0144,0.4154,0.4010,0.0946,0.0808,0.0080,0.0667,0.0272,6.1925
bs068,N,bs068_N_N_1.lm3,0.4700,1.6155,1.3513,1.9223,1.0616,1.2821,1.5187,1.0736,1.1848,3.1865,1.0000,2.2727,1.0827,0.5240,0.2919,0.4686,0.5278,0.4365,0.7626,0.0298,0.5601,0.6091,0.1749,0.1122,0.0145,0.0744,0.0899,7.9387
bs068,N,bs068_N_N_2.lm3,0.4670,1.4669,1.1426,1.6355,0.9180,1.1044,1.2240,0.9944,0.8884,2.7911,1.0000,2.0790,1.0078,0.4552,0.2376,0.4546,0.3641,0.2697,0.6880,0.0132,0.3561,0.4526,0.1063,0.1186,0.0123,0.0558,0.1344,6.0764
bs068,N,bs068_N_N_3.lm3,0.3746,1.4283,1.1829,1.6972,0.9927,1.1950,1.1677,0.8006,0.9543,2.7168,1.0000,2.2272,1.0762,0.6009,0.2359,0.2173,0.4541,0.2304,0.6642,0.0211,0.4570,0.4844,0.1374,0.0722,0.0074,0.0421,0.0149,6.0983
bs069,N,bs069_N_N_0.lm3,0.4079,1.8569,1.5664,2.5054,1.3451,1.2956,1.7097,1.2389,1.3151,3.5083,1.0000,3.2633,1.5509,0.5841,0.3832,0.4324,0.7265,0.5384,0.8860,0.0315,0.9282,0.9841,0.3847,0.1894,0.0333,0.0584,0.0461,11.2536
bs069,N,bs069_N_N_1.lm3,0.5582,1.7751,1.4262,2.2204,1.1215,1.2091,1.5924,1.1167,1.1176,3.2075,1.0000,2.7375,1.2625,0.3670,0.3634,0.2239,0.4633,0.5076,0.8473,0.0294,0.5548,0.8214,0.2225,0.0817,0.0310,0.0861,0.3144,9.2712
bs069,N,bs069_N_N_2.lm3,0.2944,1.6991,1.5736,2.2342,1.0432,1.0809,1.5482,1.0028,1.1756,3.1134,1.0000,2.5454,1.1425,0.5142,0.3878,0.3826,0.4938,0.4678,0.8009,0.0360,0.7003,0.7721,0.2271,0.1498,0.0266,0.0159,0.0350,8.7502
bs069,N,bs069_N_N_3.lm3,0.3558,1.8422,1.6906,2.4710,1.1841,1.2211,1.7437,1.1853,1.3058,3.4282,1.0000,2.9431,1.3734,0.5847,0.3889,0.4974,0.5433,0.6160,0.8889,0.0179,0.7545,0.9522,0.2771,0.2064,0.0507,0.0727,0.2504,11.0904
bs070,N,bs070_N_N_0.lm3,0.4250,1.6531,1.3850,1.7681,0.6224,1.0043,1.4365,0.8729,0.8988,2.7367,1.0000,1.4135,0.7584,0.3683,0.0823,0.2429,0.2551,0.3702,0.7816,0.0012,0.4305,0.3827,0.0836,0.0938,0.0066,0.0552,0.0234,5.7422
bs070,N,bs070_N_N_1.lm3,0.4272,1.7326,1.5034,1.8783,0.6013,1.0938,1.5947,1.1153,1.0707,3.1021,1.0000,1.7156,1.0260,0.4135,0.1341,0.4450,0.2531,0.4351,0.8189,0.0013,0.4730,0.3930,0.0737,0.1618,0.0139,0.0693,0.0950,7.1066
bs070,N,bs070_N_N_2.lm3,0.5833,1.7450,1.4050,1.8856,0.7112,1.1181,1.6229,1.0514,1.1220,3.0987,1.0000,1.7925,0.9882,0.3704,0.1518,0.3379,0.2935,0.4614,0.8166,0.0046,0.4559,0.5027,0.1011,0.1184,0.0135,0.0878,0.0158,7.4249
bs070,N,bs070_N_N_3.lm3,0.5510,1.7386,1.4608,1.8765,0.5979,1.1671,1.6430,1.0928,1.0894,3.0902,1.0000,1.6887,1.0295,0.3867,0.1126,0.4403,0.3175,0.4845,0.8281,0.0036,0.5444,0.4278,0.0920,0.1668,0.0101,0.1006,0.1430,7.4386
bs071,N,bs071_N_N_0.lm3,0.5413,1.6785,1.2959,1.8248,1.0155,1.1093,1.7259,1.1265,1.1097,3.1291,1.0000,2.2088,0.9944,0.4032,0.2596,0.5083,0.5107,0.5687,0.7959,0.0095,0.6288,0.6382,0.2203,0.1763,0.0406,0.0679,0.0086,8.2362
bs071,N,bs071_N_N_1.lm3,0.4228,1.6085,1.3266,1.8506,0.9898,1.1367,1.6498,1.1856,1.0677,3.1391,1.0000,2.2439,0.9950,0.4392,0.3071,0.5506,0.5210,0.4295,0.7803,0.0155,0.6147,0.6762,0.2147,0.1744,0.0302,0.0612,0.0536,8.1071
bs071,N,bs071_N_N_2.lm3,0.3721,1.6503,1.3975,1.9872,1.0694,1.0481,1.6670,1.0748,1.1651,3.1588,1.0000,2.5476,1.1831,0.4751,0.3210,0.4094,0.4331,0.5313,0.7879,0.0206,0.6410,0.5784,0.1982,0.1420,0.0331,0.0501,0.1032,8.8341
bs071,N,bs071_N_N_3.lm3,0.5068,1.5917,1.2298,1.9034,1.0611,1.0457,1.5749,1.2202,1.1673,3.2502,1.0000,2.4741,1.1111,0.3564,0.3157,0.6517,0.4609,0.4776,0.7736,0.0146,0.5674,0.6197,0.2061,0.2314,0.0312,0.0646,0.0693,8.4850
bs072,N,bs072_N_N_0.lm3,0.4961,1.3613,1.0895,1.7366,0.9561,1.1325,1.3445,0.9637,1.0781,2.9280,1.0000,2.2727,1.0922,0.3834,0.2878,0.5071,0.3811,0.3312,0.6404,0.0255,0.4647,0.4162,0.1179,0.1365,0.0123,0.0555,0.1099,6.6922
bs072,N,bs072_N_N_1.lm3,0.4819,1.4987,1.2076,1.7515,0.9000,1.0406,1.5237,0.9744,1.0154,2.9361,1.0000,2.3907,1.2346,0.3872,0.3198,0.3268,0.2834,0.4303,0.6957,0.0196,0.4311,0.3700,0.1031,0.1181,0.0254,0.0649,0.0109,7.1275
bs072,N,bs072_N_N_2.lm3,0.4289,1.4421,1.1101,1.5913,0.8193,0.9402,1.2677,0.8496,0.9206,2.6983,1.0000,2.1714,1.1328,0.5171,0.2796,0.2406,0.2093,0.3029,0.6415,0.0278,0.3398,0.2996,0.0677,0.0685,0.0088,0.0339,0.0531,5.8233
bs072,N,bs072_N_N_3.lm3,0.3946,1.3965,1.1652,1.6782,0.8670,1.0792,1.4165,0.9101,0.9190,2.7711,1.0000,2.1930,1.0615,0.4111,0.3118,0.3166,0.3899,0.3826,0.6463,0.0200,0.4332,0.4505,0.1276,0.0715,0.0167,0.0452,0.0727,6.4921
bs073,N,bs073_N_N_0.lm3,0.3727,1.6709,1.4108,2.0985,0.9490,1.2554,1.6155,1.1604,1.2740,3.3408,1.0000,2.6052,1.3899,0.5190,0.2920,0.5482,0.3068,0.4803,0.8224,0.0262,0.5018,0.4973,0.1305,0.1599,0.0326,0.0573,0.1401,8.4505
bs073,N,bs073_N_N_1.lm3,0.5509,1.8920,1.5212,2.2553,1.0296,1.4648,1.8135,1.1121,1.1865,3.2863,1.0000,2.7056,1.4322,0.4769,0.2836,0.1150,0.5218,0.5561,0.9308,0.0124,0.5933,0.7291,0.2223,0.0536,0.0474,0.1004,0.1902,9.2740
bs073,N,bs073_N_N_2.lm3,0.3950,1.8986,1.6493,2.4082,1.0691,1.4425,1.9544,1.2021,1.4013,3.5368,1.0000,2.7520,1.4693,0.5748,0.2505,0.4403,0.5346,0.6278,0.9185,0.0285,0.6798,0.8111,0.2553,0.1703,0.0357,0.0739,0.1292,10.0160
bs073,N,bs073_N_N_3.lm3,0.5121,1.8818,1.5599,2.3139,1.0238,1.4115,1.8579,1.1701,1.3423,3.4583,1.0000,2.7592,1.4622,0.4953,0.2950,0.3845,0.4300,0.6288,0.9075,0.0254,0.6986,0.6393,0.2073,0.1507,0.0450,0.0965,0.1561,9.9570
bs074,N,bs074_N_N_0.lm3,0.3594,1.6156,1.4135,1.8836,0.8609,1.1032,1.7437,0.9243,1.0264,2.8830,1.0000,2.0874,1.0142,0.5067,0.2548,0.2573,0.3319,0.5295,0.7280,0.0156,0.5319,0.5097,0.1388,0.0712,0.0274,0.0439,0.0245,7.0632
bs074,N,bs074_N_N_1.lm3,0.3230,1.4909,1.3215,1.8088,0.8632,1.1343,1.7868,0.9118,0.9223,2.7800,1.0000,2.0321,0.9382,0.4430,0.2682,0.2873,0.4298,0.5388,0.7017,0.0136,0.5474,0.5152,0.1549,0.0392,0.0264,0.0366,0.0264,6.8927
bs074,N,bs074_N_N_2.lm3,0.2808,1.5101,1.3494,1.7797,0.8140,1.1426,1.6467,0.8571,0.8592,2.6866,1.0000,2.0934,1.0534,0.4467,0.2493,0.2425,0.4059,0.4662,0.7267,0.0060,0.5072,0.5837,0.1639,0.0357,0.0292,0.0327,0.1284,6.3876
bs074,N,bs074_N_N_3.lm3,0.3062,1.4300,1.2969,1.8148,0.8934,1.0399,1.6417,0.8808,0.9381,2.7519,1.0000,2.1063,1.0069,0.5498,0.2435,0.3347,0.2595,0.4932,0.6770,0.0178,0.4554,0.4160,0.1018,0.0524,0.0211,0.0365,0.0574,6.6076
bs075,N,bs075_N_N_0.lm3,0.5472,1.8740,1.5078,2.1582,1.1943,1.2362,1.7201,0.9063,0.9275,2.8207,1.0000,2.7448,1.3286,0.4358,0.2542,0.1388,0.7441,0.5258,0.8994,0.0050,0.8483,0.8509,0.3008,0.0196,0.0302,0.0860,0.0151,8.0796
bs075,N,bs075_N_N_1.lm3,0.4693,1.8504,1.5558,2.2203,1.1531,1.2220,1.6023,0.9791,0.9490,2.8776,1.0000,2.5556,1.1788,0.4591,0.2754,0.3426,0.7416,0.5093,0.8988,0.0098,0.8649,0.9340,0.3273,0.1277,0.0217,0.0790,0.0446,7.5905
bs075,N,bs075_N_N_2.lm3,0.3254,1.7297,1.4994,2.0169,1.1213,1.1874,1.6211,0.9347,0.8717,2.7699,1.0000,2.5563,1.2652,0.5326,0.2084,0.2728,0.5034,0.4654,0.8485,0.0045,0.4903,0.7637,0.1851,0.0319,0.0242,0.0344,0.2764,7.3497
bs075,N,bs075_N_N_3.lm3,0.7050,1.9873,1.4706,2.3505,1.4147,1.1995,1.7364,1.0674,1.2815,3.3048,1.0000,2.9750,1.3010,0.4680,0.3416,0.3516,0.5084,0.5142,0.9741,0.0153,0.6937,0.7212,0.2459,0.0138,0.0260,0.1106,0.0752,9.7596
bs076,N,bs076_N_N_0.lm3,0.5221,1.6861,1.4618,1.8537,0.6780,1.1210,1.3629,0.7563,0.8386,2.5623,1.0000,1.8983,1.0805,0.4349,0.2259,0.1684,0.3423,0.3061,0.7951,0.0136,0.4721,0.5576,0.1089,0.0177,0.0131,0.0901,0.0778,5.6384
bs076,N,bs076_N_N_1.lm3,0.4453,1.7318,1.4702,1.9470,0.8158,1.1337,1.3929,0.8417,1.0063,2.7805,1.0000,2.1312,1.1670,0.4786,0.2791,0.2518,0.3176,0.3069,0.8199,0.0319,0.3825,0.5869,0.1038,0.1095,0.0109,0.0635,0.1551,6.2471
bs076,N,bs076_N_N_2.lm3,0.4302,1.5786,1.3931,1.7674,0.3945,1.0101,1.3785,0.7833,0.7965,2.5337,1.0000,1.6987,1.0585,0.4365,0.2991,0.2005,0.1427,0.3344,0.7405,0.0258,0.3114,0.3239,0.0153,0.0791,0.0143,0.0657,0.0134,5.6194
bs076,N,bs076_N_N_3.lm3,0.4297,1.6664,1.4662,1.8554,0.6838,1.1089,1.4400,0.8467,0.8862,2.6456,1.0000,1.9708,1.1130,0.4910,0.2841,0.3464,0.3479,0.3370,0.7914,0.0243,0.4561,0.5575,0.1159,0.1298,0.0130,0.0663,0.1294,6.0576
bs077,N,bs077_N_N_0.lm3,0.5684,1.8161,1.3935,1.9686,1.1360,1.0312,1.4703,0.9934,1.0663,3.0173,1.0000,2.3766,1.1568,0.4435,0.2433,0.3120,0.3888,0.3471,0.8738,0.0170,0.5149,0.6221,0.1631,0.0734,0.0114,0.0761,0.0851,7.4810
bs077,N,bs077_N_N_1.lm3,0.4020,1.9250,1.7035,2.2230,1.1456,1.1358,1.6136,1.0298,1.1626,3.1162,1.0000,2.6562,1.3803,0.5479,0.2749,0.3442,0.4428,0.4193,0.8935,0.0300,0.5751,0.8492,0.2023,0.0727,0.0092,0.0719,0.3029,8.5517
bs077,N,bs077_N_N_2.lm3,0.5435,1.8604,1.4618,2.0206,1.1345,1.1164,1.4557,0.9939,1.0804,3.0075,1.0000,2.6416,1.3698,0.4522,0.2604,0.3579,0.4733,0.3953,0.8793,0.0223,0.5687,0.7325,0.2066,0.0826,0.0113,0.0738,0.1811,7.8088
bs077,N,bs077_N_N_3.lm3,0.4689,1.8100,1.4775,2.0204,1.1541,1.1537,1.4842,1.0370,1.0050,3.0054,1.0000,2.5201,1.2576,0.4358,0.2795,0.3136,0.4481,0.3672,0.8591,0.0325,0.5236,0.7709,0.2093,0.1004,0.0069,0.0586,0.4267,7.5220
bs078,N,bs078_N_N_0.lm3,0.5714,2.0226,1.6275,2.3246,1.1880,1.4015,1.8104,1.1025,1.1980,3.2019,1.0000,2.5594,1.1845,0.4984,0.2234,0.4749,0.6210,0.5041,0.9693,0.0152,0.6789,0.9260,0.2840,0.1585,0.0229,0.1068,0.2772,9.1668
bs078,N,bs078_N_N_1.lm3,0.4509,1.8756,1.5999,2.2069,1.0989,1.2468,1.7116,1.1695,1.0415,3.1026,1.0000,2.5444,1.2314,0.4832,0.2290,0.5450,0.5218,0.4811,0.8934,0.0032,0.6430,0.8168,0.2398,0.1935,0.0284,0.0847,0.2723,7.8368
bs078,N,bs078_N_N_2.lm3,0.5970,2.0111,1.6477,2.3060,1.1501,1.2873,1.8650,1.1988,1.2135,3.2913,1.0000,2.7224,1.3778,0.4373,0.2146,0.5857,0.6152,0.6309,0.9441,0.0102,0.8362,0.8175,0.2792,0.2011,0.0418,0.1121,0.0017,9.7431
bs078,N,bs078_N_N_3.lm3,0.5842,2.0291,1.7415,2.4484,1.1607,1.3102,1.8778,1.0983,1.2046,3.2447,1.0000,2.5694,1.2086,0.4956,0.2375,0.3258,0.6365,0.6012,0.9603,0.0112,0.9731,0.8604,0.3079,0.0768,0.0297,0.1344,0.2357,9.9526
bs079,N,bs079_N_N_0.lm3,0.3902,1.8116,1.5967,2.1996,1.0151,1.3384,1.7958,0.9866,0.9863,2.9689,1.0000,2.5359,1.3911,0.5115,0.2115,0.1052,0.3991,0.5055,0.8821,0.0109,0.6180,0.5862,0.1485,0.0546,0.0326,0.0686,0.1089,8.1547
bs079,N,bs079_N_N_1.lm3,0.4188,1.8350,1.6399,2.4292,1.1992,1.4984,1.7708,1.0628,1.1142,3.1720,1.0000,2.6126,1.3071,0.5260,0.1691,0.0065,0.7302,0.5034,0.8634,0.0112,0.8044,0.8797,0.2954,0.0028,0.0242,0.0734,0.0528,8.9481
bs079,N,bs079_N_N_2.lm3,0.3716,1.6739,1.4670,2.1704,1.1065,1.3689,1.5618,0.9218,0.9793,2.8909,1.0000,2.5272,1.2531,0.4797,0.2037,0.1591,0.5341,0.4046,0.8081,0.0084,0.5741,0.7078,0.2029,0.0631,0.0270,0.0504,0.1649,7.4509
bs079,N,bs079_N_N_3.lm3,0.3749,1.8111,1.6717,2.4395,1.1922,1.4711,1.8087,1.0962,1.0961,3.1664,1.0000,2.9238,1.5343,0.5092,0.2466,0.2622,0.6357,0.5733,0.8673,0.0213,0.7113,0.8890,0.2643,0.1137,0.0355,0.0668,0.1882,9.7178
bs080,N,bs080_N_N_0 (1).lm3,0.4043,1.5977,1.3391,1.8222,0.8540,1.1228,1.4990,0.9621,1.0242,2.9321,1.0000,2.4554,1.3542,0.6174,0.3540,0.2786,0.4041,0.4253,0.7367,0.0342,0.6039,0.4871,0.1533,0.1289,0.0196,0.0595,0.1367,7.0161
bs080,N,bs080_N_N_0.lm3,0.4043,1.5977,1.3391,1.8222,0.8540,1.1228,1.4990,0.9621,1.0242,2.9321,1.0000,2.4554,1.3542,0.6174,0.3540,0.2786,0.4041,0.4253,0.7367,0.0342,0.6039,0.4871,0.1533,0.1289,0.0196,0.0595,0.1367,7.0161
bs080,N,bs080_N_N_1 (1).lm3,0.3757,1.5100,1.3502,1.8705,0.8253,1.0913,1.4600,0.9618,0.8536,2.7765,1.0000,2.3787,1.3716,0.5230,0.2707,0.3057,0.4671,0.4095,0.7251,0.0243,0.5472,0.5832,0.1456,0.1300,0.0146,0.0700,0.0383,6.6060
bs080,N,bs080_N_N_1.lm3,0.3757,1.5100,1.3502,1.8705,0.8253,1.0913,1.4600,0.9618,0.8536,2.7765,1.0000,2.3787,1.3716,0.5230,0.2707,0.3057,0.4671,0.4095,0.7251,0.0243,0.5472,0.5832,0.1456,0.1300,0.0146,0.0700,0.0383,6.6060
bs080,N,bs080_N_N_2 (1).lm3,0.4953,1.5751,1.3316,1.8437,0.7913,1.1855,1.5113,1.0408,0.9541,2.9685,1.0000,2.3406,1.3318,0.5155,0.3108,0.2521,0.4579,0.4302,0.7660,0.0272,0.5076,0.6821,0.1646,0.1049,0.0173,0.0922,0.2171,7.1613
bs080,N,bs080_N_N_2.lm3,0.4953,1.5751,1.3316,1.8437,0.7913,1.1855,1.5113,1.0408,0.9541,2.9685,1.0000,2.3406,1.3318,0.5155,0.3108,0.2521,0.4579,0.4302,0.7660,0.0272,0.5076,0.6821,0.1646,0.1049,0.0173,0.0922,0.2171,7.1613
bs080,N,bs080_N_N_3 (1).lm3,0.5124,1.6339,1.3449,1.8788,0.8426,1.1405,1.5114,0.9928,1.0257,2.9715,1.0000,2.5406,1.4473,0.5403,0.3320,0.2999,0.4850,0.4421,0.7723,0.0282,0.5687,0.6265,0.1753,0.1402,0.0176,0.0854,0.0688,7.3256
bs080,N,bs080_N_N_3.lm3,0.5124,1.6339,1.3449,1.8788,0.8426,1.1405,1.5114,0.9928,1.0257,2.9715,1.0000,2.5406,1.4473,0.5403,0.3320,0.2999,0.4850,0.4421,0.7723,0.0282,0.5687,0.6265,0.1753,0.1402,0.0176,0.0854,0.0688,7.3256
bs081,N,bs081_N_N_0 (1).lm3,0.5929,1.7716,1.3940,1.8227,0.8487,1.1168,1.4965,0.8029,0.8508,2.6225,1.0000,2.2615,1.2205,0.4634,0.2333,0.2202,0.3523,0.3742,0.8444,0.0177,0.4816,0.5257,0.1185,0.0829,0.0144,0.1046,0.0225,5.9514
bs081,N,bs081_N_N_0.lm3,0.5929,1.7716,1.3940,1.8227,0.8487,1.1168,1.4965,0.8029,0.8508,2.6225,1.0000,2.2615,1.2205,0.4634,0.2333,0.2202,0.3523,0.3742,0.8444,0.0177,0.4816,0.5257,0.1185,0.0829,0.0144,0.1046,0.0225,5.9514
bs081,N,bs081_N_N_1 (1).lm3,0.5265,1.7896,1.4987,1.9019,0.8077,1.1477,1.5897,0.8719,0.9465,2.7834,1.0000,2.3380,1.3288,0.5699,0.2171,0.2831,0.3811,0.4053,0.8759,0.0145,0.5634,0.5794,0.1417,0.0879,0.0166,0.1072,0.0092,6.5894
bs081,N,bs081_N_N_1.lm3,0.5265,1.7896,1.4987,1.9019,0.8077,1.1477,1.5897,0.8719,0.9465,2.7834,1.0000,2.3380,1.3288,0.5699,0.2171,0.2831,0.3811,0.4053,0.8759,0.0145,0.5634,0.5794,0.1417,0.0879,0.0166,0.1072,0.0092,6.5894
bs081,N,bs081_N_N_2 (1).lm3,0.6595,1.7853,1.3762,1.8696,0.8875,1.2084,1.5695,0.9057,0.9129,2.8056,1.0000,2.4031,1.3041,0.4570,0.2316,0.1592,0.4738,0.4167,0.8685,0.0128,0.5743,0.6445,0.1812,0.0500,0.0188,0.1203,0.0136,6.6105
bs081,N,bs081_N_N_2.lm3,0.6595,1.7853,1.3762,1.8696,0.8875,1.2084,1.5695,0.9057,0.9129,2.8056,1.0000,2.4031,1.3041,0.4570,0.2316,0.1592,0.4738,0.4167,0.8685,0.0128,0.5743,0.6445,0.1812,0.0500,0.0188,0.1203,0.0136,6.6105
bs081,N,bs081_N_N_3 (1).lm3,0.5533,1.8696,1.5430,1.9760,0.8983,1.1876,1.6083,0.9252,0.9567,2.8442,1.0000,2.3321,1.2338,0.4938,0.2350,0.2864,0.4654,0.4390,0.8950,0.0108,0.6414,0.6913,0.2037,0.1027,0.0225,0.1097,0.0874,6.9631
bs081,N,bs081_N_N_3.lm3,0.5533,1.8696,1.5430,1.9760,0.8983,1.1876,1.6083,0.9252,0.9567,2.8442,1.0000,2.3321,1.2338,0.4938,0.2350,0.2864,0.4654,0.4390,0.8950,0.0108,0.6414,0.6913,0.2037,0.1027,0.0225,0.1097,0.0874,6.9631
bs082,N,bs082_N_N_0 (1).lm3,0.3805,1.6101,1.3964,1.9281,0.9917,1.1380,1.6827,1.0001,1.0155,2.9520,1.0000,2.5113,1.3101,0.5435,0.2715,0.3688,0.4332,0.5250,0.7836,0.0107,0.5129,0.6333,0.1697,0.1220,0.0321,0.0693,0.0975,7.5114
bs082,N,bs082_N_N_0.lm3,0.3805,1.6101,1.3964,1.9281,0.9917,1.1380,1.6827,1.0001,1.0155,2.9520,1.0000,2.5113,1.3101,0.5435,0.2715,0.3688,0.4332,0.5250,0.7836,0.0107,0.5129,0.6333,0.1697,0.1220,0.0321,0.0693,0.0975,7.5114
bs082,N,bs082_N_N_1 (1).lm3,0.4637,1.6215,1.3216,1.8944,0.9613,1.0724,1.6488,1.0119,1.1033,3.0287,1.0000,2.5354,1.3292,0.4870,0.3078,0.4038,0.4146,0.5562,0.7661,0.0217,0.5518,0.5964,0.1788,0.1562,0.0263,0.0732,0.0172,7.6439
bs082,N,bs082_N_N_1.lm3,0.4637,1.6215,1.3216,1.8944,0.9613,1.0724,1.6488,1.0119,1.1033,3.0287,1.0000,2.5354,1.3292,0.4870,0.3078,0.4038,0.4146,0.5562,0.7661,0.0217,0.5518,0.5964,0.1788,0.1562,0.0263,0.0732,0.0172,7.6439
bs082,N,bs082_N_N_2 (1).lm3,0.3933,1.6674,1.4604,2.0322,0.9668,1.1991,1.7430,1.0299,1.1166,3.0801,1.0000,2.5256,1.3231,0.5507,0.2919,0.3753,0.4763,0.5958,0.8073,0.0226,0.5602,0.7395,0.2003,0.1487,0.0297,0.0757,0.1304,8.0142
bs082,N,bs082_N_N_2.lm3,0.3933,1.6674,1.4604,2.0322,0.9668,1.1991,1.7430,1.0299,1.1166,3.0801,1.0000,2.5256,1.3231,0.5507,0.2919,0.3753,0.4763,0.5958,0.8073,0.0226,0.5602,0.7395,0.2003,0.1487,0.0297,0.0757,0.1304,8.0142
bs082,N,bs082_N_N_3 (1).lm3,0.4058,1.6056,1.3712,1.9833,1.0245,1.1023,1.6193,1.0964,1.0801,3.0945,1.0000,2.7410,1.4619,0.5210,0.3033,0.4859,0.4153,0.5354,0.7842,0.0215,0.5274,0.6280,0.1735,0.1523,0.0227,0.0736,0.1075,8.1632
bs082,N,bs082_N_N_3.lm3,0.4058,1.6056,1.3712,1.9833,1.0245,1.1023,1.6193,1.0964,1.0801,3.0945,1.0000,2.7410,1.4619,0.5210,0.3033,0.4859,0.4153,0.5354,0.7842,0.0215,0.5274,0.6280,0.1735,0.1523,0.0227,0.0736,0.1075,8.1632
bs083,N,bs083_N_N_0 (1).lm3,0.4056,1.5921,1.4823,1.8981,0.9418,0.9717,1.4213,0.8874,0.9645,2.7942,1.0000,2.2780,1.1744,0.4888,0.2408,0.3275,0.3710,0.3604,0.7638,0.0128,0.5544,0.6069,0.1412,0.0487,0.0194,0.0740,0.0520,6.8699
bs083,N,bs083_N_N_0.lm3,0.4056,1.5921,1.4823,1.8981,0.9418,0.9717,1.4213,0.8874,0.9645,2.7942,1.0000,2.2780,1.1744,0.4888,0.2408,0.3275,0.3710,0.3604,0.7638,0.0128,0.5544,0.6069,0.1412,0.0487,0.0194,0.0740,0.0520,6.8699
bs083,N,bs083_N_N_1 (1).lm3,0.3922,1.5793,1.4818,1.9197,0.9825,0.9892,1.4929,0.9144,0.9767,2.8412,1.0000,2.4192,1.2630,0.4984,0.2689,0.2929,0.3682,0.3590,0.7577,0.0342,0.5700,0.5589,0.1369,0.0227,0.0135,0.0706,0.0193,7.2075
bs083,N,bs083_N_N_1.lm3,0.3922,1.5793,1.4818,1.9197,0.9825,0.9892,1.4929,0.9144,0.9767,2.8412,1.0000,2.4192,1.2630,0.4984,0.2689,0.2929,0.3682,0.3590,0.7577,0.0342,0.5700,0.5589,0.1369,0.0227,0.0135,0.0706,0.0193,7.2075
bs083,N,bs083_N_N_2 (1).lm3,0.3335,1.5766,1.4864,1.9032,0.9994,1.0161,1.4931,0.9577,1.0792,2.9329,1.0000,2.5288,1.3366,0.4868,0.2564,0.4578,0.3866,0.3453,0.7565,0.0055,0.5916,0.5587,0.1475,0.0793,0.0239,0.0480,0.0546,7.5046
bs083,N,bs083_N_N_2.lm3,0.3335,1.5766,1.4864,1.9032,0.9994,1.0161,1.4931,0.9577,1.0792,2.9329,1.0000,2.5288,1.3366,0.4868,0.2564,0.4578,0.3866,0.3453,0.7565,0.0055,0.5916,0.5587,0.1475,0.0793,0.0239,0.0480,0.0546,7.5046
bs083,N,bs083_N_N_3 (1).lm3,0.4315,1.6280,1.4499,1.9036,1.0087,0.9913,1.4481,0.9575,1.0036,2.8749,1.0000,2.4385,1.3581,0.4554,0.2502,0.3598,0.3808,0.3098,0.7704,0.0443,0.5707,0.5776,0.1491,0.0271,0.0257,0.0696,0.0096,7.4300
bs083,N,bs083_N_N_3.lm3,0.4315,1.6280,1.4499,1.9036,1.0087,0.9913,1.4481,0.9575,1.0036,2.8749,1.0000,2.4385,1.3581,0.4554,0.2502,0.3598,0.3808,0.3098,0.7704,0.0443,0.5707,0.5776,0.1491,0.0271,0.0257,0.0696,0.0096,7.4300
bs084,N,bs084_N_N_0 (1).lm3,0.3425,1.3852,1.2043,1.8007,0.9647,1.0345,1.4889,0.8762,0.8727,2.6874,1.0000,2.3589,1.1439,0.5048,0.2675,0.2975,0.3034,0.4256,0.6337,0.0188,0.4653,0.4382,0.1150,0.0400,0.0198,0.0395,0.0264,6.5162
bs084,N,bs084_N_N_0.lm3,0.3425,1.3852,1.2043,1.8007,0.9647,1.0345,1.4889,0.8762,0.8727,2.6874,1.0000,2.3589,1.1439,0.5048,0.2675,0.2975,0.3034,0.4256,0.6337,0.0188,0.4653,0.4382,0.1150,0.0400,0.0198,0.0395,0.0264,6.5162
bs084,N,bs084_N_N_1 (1).lm3,0.3018,1.3799,1.2417,1.8139,0.9200,1.0863,1.3681,0.9198,0.8951,2.7650,1.0000,2.3004,1.1136,0.5159,0.2748,0.3187,0.3857,0.3478,0.6444,0.0162,0.4558,0.5537,0.1476,0.0490,0.0166,0.0366,0.1738,6.3118
bs084,N,bs084_N_N_1.lm3,0.3018,1.3799,1.2417,1.8139,0.9200,1.0863,1.3681,0.9198,0.8951,2.7650,1.0000,2.3004,1.1136,0.5159,0.2748,0.3187,0.3857,0.3478,0.6444,0.0162,0.4558,0.5537,0.1476,0.0490,0.0166,0.0366,0.1738,6.3118
bs084,N,bs084_N_N_2 (1).lm3,0.3761,1.3344,1.1355,1.7563,0.9858,1.0836,1.3406,0.8435,0.8340,2.6384,1.0000,2.3784,1.1796,0.4504,0.2170,0.2440,0.3655,0.3164,0.6087,0.0081,0.3949,0.5100,0.1257,0.0258,0.0173,0.0403,0.1580,5.6859
bs084,N,bs084_N_N_2.lm3,0.3761,1.3344,1.1355,1.7563,0.9858,1.0836,1.3406,0.8435,0.8340,2.6384,1.0000,2.3784,1.1796,0.4504,0.2170,0.2440,0.3655,0.3164,0.6087,0.0081,0.3949,0.5100,0.1257,0.0258,0.0173,0.0403,0.1580,5.6859
bs084,N,bs084_N_N_3 (1).lm3,0.3419,1.4558,1.3457,1.8501,0.7916,1.0384,1.3739,0.9159,0.9153,2.7604,1.0000,2.1323,1.0918,0.4664,0.2610,0.3321,0.3335,0.3871,0.6622,0.0170,0.4447,0.5717,0.1269,0.0726,0.0166,0.0463,0.1978,6.4510
bs084,N,bs084_N_N_3.lm3,0.3419,1.4558,1.3457,1.8501,0.7916,1.0384,1.3739,0.9159,0.9153,2.7604,1.0000,2.1323,1.0918,0.4664,0.2610,0.3321,0.3335,0.3871,0.6622,0.0170,0.4447,0.5717,0.1269,0.0726,0.0166,0.0463,0.1978,6.4510
bs085,N,bs085_N_N_0 (1).lm3,0.6169,1.5497,1.1279,1.6254,0.8997,1.0405,1.4088,0.7178,0.7970,2.4743,1.0000,2.3242,1.2415,0.4458,0.2742,0.1532,0.3603,0.3440,0.6826,0.0394,0.4277,0.4668,0.1250,0.0118,0.0138,0.0761,0.0415,5.3744
bs085,N,bs085_N_N_0.lm3,0.6169,1.5497,1.1279,1.6254,0.8997,1.0405,1.4088,0.7178,0.7970,2.4743,1.0000,2.3242,1.2415,0.4458,0.2742,0.1532,0.3603,0.3440,0.6826,0.0394,0.4277,0.4668,0.1250,0.0118,0.0138,0.0761,0.0415,5.3744
bs085,N,bs085_N_N_1 (1).lm3,0.5707,1.5324,1.1827,1.6725,0.8836,1.0715,1.3879,0.7448,0.7528,2.4649,1.0000,2.3650,1.3123,0.3980,0.2367,0.2236,0.4129,0.4017,0.7203,0.0237,0.4491,0.5353,0.1393,0.0376,0.0312,0.0828,0.0931,5.3161
bs085,N,bs085_N_N_1.lm3,0.5707,1.5324,1.1827,1.6725,0.8836,1.0715,1.3879,0.7448,0.7528,2.4649,1.0000,2.3650,1.3123,0.3980,0.2367,0.2236,0.4129,0.4017,0.7203,0.0237,0.4491,0.5353,0.1393,0.0376,0.0312,0.0828,0.0931,5.3161
bs085,N,bs085_N_N_2 (1).lm3,0.5811,1.5166,1.1515,1.6040,0.8427,1.0845,1.4012,0.7129,0.7399,2.4341,1.0000,2.3348,1.3377,0.4710,0.2074,0.1379,0.3823,0.3644,0.6855,0.0207,0.4134,0.5079,0.1282,0.0092,0.0158,0.0763,0.1101,5.1867
bs085,N,bs085_N_N_2.lm3,0.5811,1.5166,1.1515,1.6040,0.8427,1.0845,1.4012,0.7129,0.7399,2.4341,1.0000,2.3348,1.3377,0.4710,0.2074,0.1379,0.3823,0.3644,0.6855,0.0207,0.4134,0.5079,0.1282,0.0092,0.0158,0.0763,0.1101,5.1867
bs085,N,bs085_N_N_3 (1).lm3,0.6272,1.4760,1.0741,1.5450,0.7986,0.9727,1.3944,0.6965,0.7438,2.4140,1.0000,2.2094,1.2161,0.3707,0.2517,0.1633,0.2860,0.3327,0.6683,0.0296,0.3810,0.3972,0.1005,0.0132,0.0144,0.0765,0.0208,5.0553
bs085,N,bs085_N_N_3.lm3,0.6272,1.4760,1.0741,1.5450,0.7986,0.9727,1.3944,0.6965,0.7438,2.4140,1.0000,2.2094,1.2161,0.3707,0.2517,0.1633,0.2860,0.3327,0.6683,0.0296,0.3810,0.3972,0.1005,0.0132,0.0144,0.0765,0.0208,5.0553
bs086,N,bs086_N_N_0 (1).lm3,0.4114,1.2824,1.0885,1.8003,0.9913,1.1162,1.5049,0.8168,0.8774,2.6751,1.0000,2.4674,1.3166,0.4106,0.2239,0.1781,0.3671,0.4019,0.5971,0.0282,0.4460,0.4406,0.1235,0.0273,0.0298,0.0494,0.0116,6.1340
bs086,N,bs086_N_N_0.lm3,0.4114,1.2824,1.0885,1.8003,0.9913,1.1162,1.5049,0.8168,0.8774,2.6751,1.0000,2.4674,1.3166,0.4106,0.2239,0.1781,0.3671,0.4019,0.5971,0.0282,0.4460,0.4406,0.1235,0.0273,0.0298,0.0494,0.0116,6.1340
bs086,N,bs086_N_N_1 (1).lm3,0.4333,1.3556,1.1438,1.8739,1.0006,1.1086,1.4892,0.8642,0.8941,2.7126,1.0000,2.4588,1.1724,0.4841,0.3181,0.1366,0.3454,0.4257,0.5751,0.0401,0.4333,0.4860,0.1311,0.0062,0.0175,0.0524,0.1186,6.3643
bs086,N,bs086_N_N_1.lm3,0.4333,1.3556,1.1438,1.8739,1.0006,1.1086,1.4892,0.8642,0.8941,2.7126,1.0000,2.4588,1.1724,0.4841,0.3181,0.1366,0.3454,0.4257,0.5751,0.0401,0.4333,0.4860,0.1311,0.0062,0.0175,0.0524,0.1186,6.3643
bs086,N,bs086_N_N_2 (1).lm3,0.3404,1.2895,1.2133,1.9042,1.0090,1.2104,1.6553,0.9372,0.9047,2.8044,1.0000,2.4652,1.1535,0.5658,0.3299,0.2764,0.4199,0.4778,0.5915,0.0440,0.5006,0.5400,0.1417,0.0359,0.0261,0.0491,0.0892,6.7534
bs086,N,bs086_N_N_2.lm3,0.3404,1.2895,1.2133,1.9042,1.0090,1.2104,1.6553,0.9372,0.9047,2.8044,1.0000,2.4652,1.1535,0.5658,0.3299,0.2764,0.4199,0.4778,0.5915,0.0440,0.5006,0.5400,0.1417,0.0359,0.0261,0.0491,0.0892,6.7534
bs086,N,bs086_N_N_3 (1).lm3,0.3946,1.2554,1.0716,1.7736,0.9642,1.0705,1.4286,0.8312,0.8651,2.6576,1.0000,2.4039,1.2058,0.4078,0.2495,0.2050,0.3253,0.3771,0.5625,0.0266,0.4137,0.4333,0.1169,0.0273,0.0151,0.0413,0.0419,5.9878
bs086,N,bs086_N_N_3.lm3,0.3946,1.2554,1.0716,1.7736,0.9642,1.0705,1.4286,0.8312,0.8651,2.6576,1.0000,2.4039,1.2058,0.4078,0.2495,0.2050,0.3253,0.3771,0.5625,0.0266,0.4137,0.4333,0.1169,0.0273,0.0151,0.0413,0.0419,5.9878
bs087,N,bs087_N_N_0 (1).lm3,0.4602,1.9438,1.6777,2.3632,1.0309,1.4459,2.0372,1.0237,1.0346,3.0356,1.0000,3.0608,1.6750,0.4407,0.3650,0.2490,0.6242,0.8105,0.9517,0.0329,0.7736,0.9090,0.2988,0.0623,0.0603,0.0884,0.1461,10.0636
bs087,N,bs087_N_N_0.lm3,0.4602,1.9438,1.6777,2.3632,1.0309,1.4459,2.0372,1.0237,1.0346,3.0356,1.0000,3.0608,1.6750,0.4407,0.3650,0.2490,0.6242,0.8105,0.9517,0.0329,0.7736,0.9090,0.2988,0.0623,0.0603,0.0884,0.1461,10.0636
bs087,N,bs087_N_N_1 (1).lm3,0.4080,2.0252,1.8819,2.6472,1.1668,1.5227,2.1160,1.1590,1.1600,3.2814,1.0000,3.2825,1.7164,0.4577,0.4083,0.3296,0.6149,0.8015,0.9816,0.0531,0.9190,0.9723,0.3203,0.0345,0.0642,0.0975,0.0228,11.6749
bs087,N,bs087_N_N_1.lm3,0.4080,2.0252,1.8819,2.6472,1.1668,1.5227,2.1160,1.1590,1.1600,3.2814,1.0000,3.2825,1.7164,0.4577,0.4083,0.3296,0.6149,0.8015,0.9816,0.0531,0.9190,0.9723,0.3203,0.0345,0.0642,0.0975,0.0228,11.6749
bs087,N,bs087_N_N_2 (1).lm3,0.5053,2.0295,1.7982,2.5350,1.0801,1.4906,2.0897,1.0982,1.0590,3.1357,1.0000,3.0208,1.5898,0.3956,0.3856,0.2534,0.6286,0.8253,0.9898,0.0572,0.9445,0.8431,0.2827,0.0119,0.0528,0.1151,0.1741,10.7460
bs087,N,bs087_N_N_2.lm3,0.5053,2.0295,1.7982,2.5350,1.0801,1.4906,2.0897,1.0982,1.0590,3.1357,1.0000,3.0208,1.5898,0.3956,0.3856,0.2534,0.6286,0.8253,0.9898,0.0572,0.9445,0.8431,0.2827,0.0119,0.0528,0.1151,0.1741,10.7460
bs087,N,bs087_N_N_3 (1).lm3,0.4926,2.0276,1.7931,2.5533,1.1489,1.5797,2.1253,1.1258,1.1554,3.2579,1.0000,3.3165,1.8461,0.4282,0.3281,0.2771,0.7729,0.8222,0.9902,0.0161,0.8903,1.1144,0.3763,0.0141,0.0624,0.1089,0.3091,11.4038
bs087,N,bs087_N_N_3.lm3,0.4926,2.0276,1.7931,2.5533,1.1489,1.5797,2.1253,1.1258,1.1554,3.2579,1.0000,3.3165,1.8461,0.4282,0.3281,0.2771,0.7729,0.8222,0.9902,0.0161,0.8903,1.1144,0.3763,0.0141,0.0624,0.1089,0.3091,11.4038
bs088,N,bs088_N_N_0 (1).lm3,0.3328,1.5638,1.5105,2.1814,1.0418,1.0897,1.6273,0.8697,0.8948,2.7313,1.0000,2.6675,1.4625,0.5012,0.1838,0.2525,0.3984,0.4524,0.7506,0.0051,0.5731,0.7473,0.1803,0.0652,0.0217,0.0492,0.1724,7.9830
bs088,N,bs088_N_N_0.lm3,0.3328,1.5638,1.5105,2.1814,1.0418,1.0897,1.6273,0.8697,0.8948,2.7313,1.0000,2.6675,1.4625,0.5012,0.1838,0.2525,0.3984,0.4524,0.7506,0.0051,0.5731,0.7473,0.1803,0.0652,0.0217,0.0492,0.1724,7.9830
bs088,N,bs088_N_N_1 (1).lm3,0.3808,1.6680,1.5803,2.2587,1.0391,1.0303,1.6471,0.9092,0.9025,2.7933,1.0000,2.5870,1.3888,0.4750,0.2358,0.2042,0.3924,0.3981,0.7985,0.0237,0.6516,0.7126,0.1829,0.0299,0.0162,0.0732,0.1324,8.0876
bs088,N,bs088_N_N_1.lm3,0.3808,1.6680,1.5803,2.2587,1.0391,1.0303,1.6471,0.9092,0.9025,2.7933,1.0000,2.5870,1.3888,0.4750,0.2358,0.2042,0.3924,0.3981,0.7985,0.0237,0.6516,0.7126,0.1829,0.0299,0.0162,0.0732,0.1324,8.0876
bs088,N,bs088_N_N_2 (1).lm3,0.3779,1.6784,1.5720,2.3128,1.0869,1.0649,1.6923,0.9354,0.9266,2.8511,1.0000,2.6193,1.3577,0.4963,0.2143,0.1438,0.3729,0.4920,0.8024,0.0118,0.5974,0.7178,0.1795,0.0242,0.0224,0.0763,0.2361,8.5948
bs088,N,bs088_N_N_2.lm3,0.3779,1.6784,1.5720,2.3128,1.0869,1.0649,1.6923,0.9354,0.9266,2.8511,1.0000,2.6193,1.3577,0.4963,0.2143,0.1438,0.3729,0.4920,0.8024,0.0118,0.5974,0.7178,0.1795,0.0242,0.0224,0.0763,0.2361,8.5948
bs088,N,bs088_N_N_3 (1).lm3,0.3843,1.6118,1.5031,2.2158,1.0420,1.0280,1.5529,0.8604,0.8592,2.7093,1.0000,2.6389,1.4385,0.4594,0.1887,0.1489,0.3587,0.3780,0.7682,0.0131,0.5535,0.6836,0.1652,0.0199,0.0127,0.0705,0.2213,7.7841
bs088,N,bs088_N_N_3.lm3,0.3843,1.6118,1.5031,2.2158,1.0420,1.0280,1.5529,0.8604,0.8592,2.7093,1.0000,2.6389,1.4385,0.4594,0.1887,0.1489,0.3587,0.3780,0.7682,0.0131,0.5535,0.6836,0.1652,0.0199,0.0127,0.0705,0.2213,7.7841
bs089,N,bs089_N_N_0 (1).lm3,0.4254,1.5682,1.3781,1.8998,0.9353,0.9164,1.3208,0.8388,0.8517,2.6454,1.0000,2.5171,1.4076,0.4785,0.2404,0.2470,0.2519,0.3274,0.7236,0.0301,0.4444,0.4367,0.0971,0.0796,0.0085,0.0702,0.0124,6.6178
bs089,N,bs089_N_N_0.lm3,0.4254,1.5682,1.3781,1.8998,0.9353,0.9164,1.3208,0.8388,0.8517,2.6454,1.0000,2.5171,1.4076,0.4785,0.2404,0.2470,0.2519,0.3274,0.7236,0.0301,0.4444,0.4367,0.0971,0.0796,0.0085,0.0702,0.0124,6.6178
bs089,N,bs089_N_N_1 (1).lm3,0.4472,1.5842,1.3916,1.9589,0.9418,0.9690,1.3156,0.8576,0.8747,2.6902,1.0000,2.4475,1.3306,0.4847,0.2575,0.2464,0.3145,0.3129,0.7302,0.0342,0.4430,0.5673,0.1202,0.0880,0.0051,0.0753,0.1413,6.7189
bs089,N,bs089_N_N_1.lm3,0.4472,1.5842,1.3916,1.9589,0.9418,0.9690,1.3156,0.8576,0.8747,2.6902,1.0000,2.4475,1.3306,0.4847,0.2575,0.2464,0.3145,0.3129,0.7302,0.0342,0.4430,0.5673,0.1202,0.0880,0.0051,0.0753,0.1413,6.7189
bs089,N,bs089_N_N_2 (1).lm3,0.5378,1.5157,1.3314,1.9040,0.9211,0.9827,1.3138,0.7811,0.7988,2.5582,1.0000,2.4999,1.3947,0.4326,0.2355,0.1797,0.3140,0.3165,0.7014,0.0278,0.4150,0.5957,0.1129,0.0524,0.0070,0.0918,0.1744,6.2740
bs089,N,bs089_N_N_2.lm3,0.5378,1.5157,1.3314,1.9040,0.9211,0.9827,1.3138,0.7811,0.7988,2.5582,1.0000,2.4999,1.3947,0.4326,0.2355,0.1797,0.3140,0.3165,0.7014,0.0278,0.4150,0.5957,0.1129,0.0524,0.0070,0.0918,0.1744,6.2740
bs089,N,bs089_N_N_3 (1).lm3,0.4565,1.5658,1.4180,1.9708,0.9339,0.9591,1.3159,0.7908,0.8223,2.5934,1.0000,2.3920,1.3114,0.4947,0.1995,0.1607,0.2982,0.2988,0.7215,0.0208,0.4162,0.6331,0.1121,0.0613,0.0072,0.0856,0.1824,6.2673
bs089,N,bs089_N_N_3.lm3,0.4565,1.5658,1.4180,1.9708,0.9339,0.9591,1.3159,0.7908,0.8223,2.5934,1.0000,2.3920,1.3114,0.4947,0.1995,0.1607,0.2982,0.2988,0.7215,0.0208,0.4162,0.6331,0.1121,0.0613,0.0072,0.0856,0.1824,6.2673
bs090,N,bs090_N_N_0.lm3,0.4764,1.3771,1.1757,1.7304,0.8873,0.8861,1.3797,0.7346,0.7557,2.4626,1.0000,2.2607,1.1777,0.4440,0.2028,0.1813,0.2803,0.3072,0.6421,0.0160,0.3606,0.4862,0.0916,0.0046,0.0141,0.0739,0.1307,5.4046
bs090,N,bs090_N_N_1.lm3,0.5411,1.3657,1.1822,1.7517,0.8206,0.8942,1.3337,0.6953,0.7264,2.4018,1.0000,2.2040,1.1409,0.3749,0.2463,0.1447,0.2903,0.2837,0.6347,0.0161,0.3885,0.4957,0.0956,0.0138,0.0161,0.0871,0.1076,5.2500
bs090,N,bs090_N_N_2.lm3,0.4909,1.3691,1.1509,1.7129,0.8669,0.8478,1.3004,0.7348,0.7316,2.4532,1.0000,2.2042,1.1212,0.4019,0.2255,0.1341,0.2559,0.2902,0.6427,0.0183,0.3833,0.3911,0.0846,0.0145,0.0147,0.0744,0.0198,5.1333
bs090,N,bs090_N_N_3.lm3,0.5133,1.3781,1.1445,1.6695,0.8113,0.8862,1.2889,0.7421,0.7717,2.4823,1.0000,2.1134,1.1105,0.3983,0.2062,0.1932,0.2728,0.2971,0.6484,0.0218,0.3450,0.4530,0.0846,0.0339,0.0121,0.0786,0.1080,5.1678
bs091,N,bs091_N_N_0.lm3,0.5355,1.6484,1.3284,1.8875,1.0228,1.1101,1.4748,0.7792,0.8204,2.5605,1.0000,2.4829,1.3048,0.3877,0.2009,0.1521,0.4018,0.4154,0.7628,0.0042,0.4871,0.6039,0.1615,0.0019,0.0188,0.0775,0.1220,6.3288
bs091,N,bs091_N_N_1.lm3,0.4432,1.5774,1.3418,1.8907,0.9927,1.0313,1.4029,0.7742,0.7711,2.5092,1.0000,2.3414,1.2144,0.4081,0.2253,0.2422,0.3401,0.3899,0.7594,0.0182,0.4939,0.4935,0.1307,0.0513,0.0096,0.0728,0.0132,6.0486
bs091,N,bs091_N_N_2.lm3,0.4820,1.5774,1.3607,1.9401,1.0230,1.0512,1.3876,0.7852,0.7861,2.5304,1.0000,2.6070,1.4125,0.3980,0.2088,0.2608,0.3345,0.3859,0.7540,0.0149,0.5176,0.4945,0.1274,0.0402,0.0118,0.0835,0.0065,6.1195
bs091,N,bs091_N_N_3.lm3,0.5693,1.5643,1.2993,1.8554,0.9562,1.1061,1.3196,0.6921,0.7582,2.4227,1.0000,2.2085,1.1375,0.3522,0.1992,0.1830,0.4027,0.3327,0.7394,0.0104,0.4615,0.6619,0.1507,0.0118,0.0113,0.0918,0.1920,5.4706
bs092,N,bs092_N_N_0.lm3,0.4261,1.4999,1.2261,1.6668,0.8122,1.1153,1.2525,0.8117,0.8020,2.5655,1.0000,2.1268,1.0866,0.4928,0.2671,0.2404,0.3940,0.3067,0.7050,0.0225,0.4208,0.5324,0.1374,0.0411,0.0110,0.0578,0.1412,5.1356
bs092,N,bs092_N_N_1.lm3,0.4751,1.5533,1.3039,1.7442,0.7869,1.1013,1.3245,0.8323,0.8611,2.6610,1.0000,2.1689,1.1312,0.4287,0.2910,0.2412,0.3956,0.3674,0.7498,0.0307,0.4781,0.5482,0.1377,0.0542,0.0112,0.0818,0.0602,5.6184
bs092,N,bs092_N_N_2.lm3,0.4591,1.5848,1.4100,1.9084,0.8871,1.0801,1.2940,0.9521,0.8956,2.7709,1.0000,2.1871,1.0975,0.4017,0.2676,0.4252,0.3279,0.3415,0.7747,0.0243,0.5281,0.5267,0.1292,0.1203,0.0134,0.0933,0.0105,5.8435
bs092,N,bs092_N_N_3.lm3,0.5092,1.6477,1.3246,1.7886,0.8608,1.1314,1.3748,0.8620,0.9158,2.7617,1.0000,2.4633,1.3551,0.3684,0.2591,0.1695,0.3774,0.3737,0.7860,0.0252,0.5278,0.4931,0.1460,0.0304,0.0134,0.0804,0.0260,6.0686
bs093,N,bs093_N_N_0.lm3,0.6254,1.6945,1.5424,2.2700,1.0408,1.1343,1.6199,1.0583,0.9653,2.9896,1.0000,2.8302,1.5022,0.3861,0.3042,0.2952,0.4102,0.5418,0.8014,0.0426,0.6038,0.7076,0.1667,0.1134,0.0258,0.1396,0.1494,8.2846
bs093,N,bs093_N_N_1.lm3,0.5743,1.7649,1.6001,2.3219,1.0568,1.1819,1.7478,1.1000,1.0437,3.1175,1.0000,2.8449,1.4635,0.4933,0.3389,0.2628,0.4514,0.6273,0.8446,0.0447,0.6584,0.7588,0.1971,0.1141,0.0335,0.1386,0.1374,8.9508
bs093,N,bs093_N_N_2.lm3,0.5910,1.6444,1.4275,2.2287,1.1098,1.1060,1.7303,1.0365,0.9717,2.9833,1.0000,2.8623,1.4359,0.4578,0.3261,0.2272,0.3848,0.6045,0.7724,0.0375,0.6277,0.5893,0.1652,0.0770,0.0318,0.1206,0.0351,8.3449
bs093,N,bs093_N_N_3.lm3,0.5983,1.7344,1.5514,2.3741,1.1494,1.1366,1.8247,1.1060,1.0805,3.1365,1.0000,3.1464,1.7070,0.4961,0.3072,0.3747,0.3852,0.6428,0.8271,0.0403,0.6520,0.6699,0.1788,0.1385,0.0302,0.1388,0.0121,9.3342
bs094,N,bs094_N_N_0.lm3,0.5364,1.5083,1.3019,1.8751,0.9512,0.9259,1.2279,0.8177,0.7841,2.5256,1.0000,2.2362,1.0878,0.3953,0.2589,0.3446,0.2395,0.2801,0.7215,0.0220,0.4008,0.4222,0.0825,0.0840,0.0076,0.1013,0.0185,5.0940
bs094,N,bs094_N_N_1.lm3,0.6319,1.4907,1.2809,1.9206,0.9973,0.9263,1.2491,0.7806,0.8183,2.5170,1.0000,2.3547,1.1580,0.3867,0.2672,0.3087,0.2388,0.2783,0.6960,0.0280,0.4030,0.4245,0.0836,0.0665,0.0055,0.1143,0.0023,5.2336
bs094,N,bs094_N_N_2.lm3,0.5870,1.5168,1.3456,1.9400,0.9647,0.9482,1.2562,0.8260,0.7939,2.5369,1.0000,2.3640,1.1981,0.3646,0.2761,0.3498,0.2832,0.2940,0.7184,0.0313,0.4469,0.4672,0.0930,0.0957,0.0050,0.1171,0.0272,5.3039
bs094,N,bs094_N_N_3.lm3,0.5628,1.5300,1.3432,1.9216,0.9682,1.0581,1.2561,0.8127,0.7999,2.5642,1.0000,2.3723,1.1781,0.3819,0.2776,0.2895,0.3556,0.2897,0.7364,0.0263,0.4395,0.6270,0.1221,0.0479,0.0093,0.1108,0.1829,5.3899
bs095,N,bs095_N_N_0.lm3,0.3691,1.2413,1.1515,2.0108,1.1142,1.1383,1.4528,0.8258,0.8091,2.6298,1.0000,2.6926,1.3734,0.5431,0.2318,0.0687,0.3960,0.3625,0.5828,0.0183,0.4808,0.5081,0.1388,0.0061,0.0134,0.0584,0.0253,6.2717
bs095,N,bs095_N_N_1.lm3,0.3882,1.2431,1.1893,2.0135,1.0589,1.1380,1.3742,0.7864,0.7901,2.5651,1.0000,2.7236,1.4837,0.5552,0.2230,0.1358,0.3900,0.3412,0.5849,0.0204,0.4569,0.5657,0.1326,0.0147,0.0087,0.0649,0.0857,6.1328
bs095,N,bs095_N_N_2.lm3,0.4363,1.3132,1.1953,2.0106,1.0674,1.1652,1.5352,0.8165,0.8181,2.6241,1.0000,2.7042,1.4469,0.5368,0.2149,0.0421,0.3649,0.4126,0.5938,0.0184,0.4398,0.5350,0.1263,0.0011,0.0137,0.0687,0.0917,6.5056
bs095,N,bs095_N_N_3.lm3,0.4138,1.2293,1.1501,1.9897,1.0877,1.1255,1.4417,0.7748,0.7901,2.5518,1.0000,2.5691,1.2284,0.5186,0.2738,0.1230,0.3439,0.3733,0.5769,0.0273,0.4875,0.4395,0.1141,0.0139,0.0120,0.0644,0.0284,6.1291
bs096,N,bs096_N_N_0.lm3,0.4050,1.4707,1.3717,1.9505,1.0339,0.9294,1.3322,0.8843,0.8461,2.6638,1.0000,2.5229,1.2534,0.4952,0.2451,0.3632,0.3361,0.3491,0.7028,0.0095,0.5037,0.5775,0.1330,0.0741,0.0184,0.0797,0.0963,6.3528
bs096,N,bs096_N_N_1.lm3,0.4538,1.4837,1.3721,1.9686,1.0086,0.9918,1.2244,0.8982,0.8191,2.6726,1.0000,2.7044,1.4225,0.5158,0.2744,0.2960,0.3557,0.3188,0.7065,0.0174,0.4917,0.6207,0.1367,0.0525,0.0148,0.0907,0.1336,6.2651
bs096,N,bs096_N_N_2.lm3,0.4145,1.4788,1.3524,1.9354,1.0201,0.8811,1.2430,0.8747,0.8297,2.6455,1.0000,2.5740,1.2842,0.5099,0.2758,0.3101,0.2879,0.2954,0.6891,0.0188,0.4814,0.5136,0.1135,0.0652,0.0133,0.0778,0.0241,6.0185
bs096,N,bs096_N_N_3.lm3,0.4798,1.5130,1.4512,2.0604,1.0269,0.9553,1.2690,0.8817,0.8838,2.6932,1.0000,2.5979,1.2788,0.5039,0.3105,0.3385,0.3574,0.3261,0.6974,0.0315,0.5432,0.6384,0.1402,0.0535,0.0125,0.0972,0.1239,6.5238
bs097,N,bs097_N_N_0.lm3,0.5432,1.5043,1.3217,2.2128,1.1514,1.0972,1.4549,0.7728,0.7585,2.5114,1.0000,2.7081,1.3394,0.4126,0.2417,0.1729,0.4641,0.4517,0.7208,0.0264,0.5731,0.7415,0.1937,0.0567,0.0230,0.1022,0.1227,6.3395
bs097,N,bs097_N_N_1.lm3,0.4693,1.5031,1.3586,2.2683,1.2481,1.0849,1.5315,0.9031,0.8273,2.7206,1.0000,2.9973,1.5448,0.4556,0.2205,0.1472,0.4425,0.4193,0.7241,0.0215,0.6072,0.6654,0.1865,0.0419,0.0244,0.0929,0.0546,7.2058
bs097,N,bs097_N_N_2.lm3,0.4605,1.5157,1.3888,2.1952,1.0797,1.1045,1.5643,0.8196,0.7775,2.5511,1.0000,2.7238,1.3948,0.4527,0.2627,0.2874,0.4785,0.5437,0.7327,0.0038,0.6118,0.7080,0.1888,0.0935,0.0358,0.0930,0.1060,6.6748
bs097,N,bs097_N_N_3.lm3,0.5779,1.6472,1.4464,2.3519,1.2402,1.1902,1.5952,0.8429,0.8641,2.6831,1.0000,2.9374,1.5020,0.4662,0.2361,0.1418,0.4990,0.4419,0.7726,0.0317,0.6186,0.7877,0.2143,0.0568,0.0241,0.1159,0.1699,7.3289
bs098,N,bs098_N_N_0.lm3,0.5071,1.6183,1.5079,2.2209,1.0702,1.3183,2.2056,1.0457,1.1031,3.1303,1.0000,2.8883,1.5471,0.5318,0.2911,0.1984,0.5231,0.8984,0.7779,0.0143,0.7121,0.7203,0.2178,0.0399,0.0679,0.1171,0.0272,9.2277
bs098,N,bs098_N_N_1.lm3,0.5697,1.6737,1.6071,2.3380,1.0374,1.3090,1.9021,0.9760,1.0585,3.0311,1.0000,2.7234,1.4506,0.5258,0.2778,0.0659,0.4184,0.6608,0.8040,0.0116,0.7209,0.6288,0.1708,0.0311,0.0397,0.1414,0.1342,8.3970
bs098,N,bs098_N_N_2.lm3,0.5199,1.6244,1.4291,2.1341,1.0295,1.2183,1.7974,0.9341,0.9640,2.8938,1.0000,2.7457,1.4690,0.4669,0.2558,0.0622,0.4110,0.5605,0.7629,0.0074,0.5722,0.6017,0.1661,0.0232,0.0352,0.1060,0.0634,7.5226
bs098,N,bs098_N_N_3.lm3,0.5046,1.6364,1.5091,2.2212,1.0515,1.2713,1.9745,1.0276,1.0610,3.0861,1.0000,2.9053,1.5657,0.5675,0.2952,0.0855,0.4616,0.6858,0.7891,0.0112,0.6725,0.6753,0.1973,0.0055,0.0484,0.1150,0.0175,8.6318
bs099,N,bs099_N_N_0.lm3,0.5163,1.4591,1.1915,1.9122,1.0580,1.2516,1.5530,0.8759,0.8424,2.7071,1.0000,2.6759,1.4595,0.4544,0.1906,0.1364,0.5289,0.4504,0.6985,0.0128,0.5471,0.6176,0.1914,0.0166,0.0145,0.0838,0.0921,6.5628
bs099,N,bs099_N_N_1.lm3,0.4602,1.4665,1.2555,1.8832,0.9730,1.1640,1.5582,0.8291,0.8339,2.6447,1.0000,2.5061,1.3849,0.5148,0.1765,0.1897,0.3543,0.4317,0.6898,0.0073,0.5326,0.4457,0.1291,0.0245,0.0146,0.0779,0.0650,6.2679
bs099,N,bs099_N_N_2.lm3,0.5792,1.5086,1.2500,1.9361,1.0324,1.1290,1.6041,0.8001,0.8525,2.6459,1.0000,2.5658,1.4587,0.4955,0.1406,0.1121,0.3621,0.4379,0.7077,0.0155,0.5114,0.5141,0.1369,0.0052,0.0203,0.1017,0.0029,6.3757
bs099,N,bs099_N_N_3.lm3,0.4850,1.5299,1.3233,1.9908,1.0151,1.2018,1.6429,0.8608,0.8650,2.7179,1.0000,2.5537,1.4169,0.5474,0.1531,0.0898,0.4369,0.5000,0.7137,0.0027,0.5665,0.5798,0.1677,0.0145,0.0187,0.0891,0.0013,6.7346
bs100,N,bs100_N_N_0.lm3,0.3500,1.3449,1.2637,1.8399,0.9469,1.0692,1.3769,0.8754,0.8051,2.6276,1.0000,2.4675,1.1999,0.5483,0.3664,0.3225,0.3883,0.3770,0.6414,0.0428,0.4924,0.5617,0.1398,0.0644,0.0167,0.0573,0.1294,6.4850
bs100,N,bs100_N_N_1.lm3,0.3480,1.3326,1.2660,1.8270,0.8985,1.0653,1.3374,0.8527,0.8174,2.6213,1.0000,2.4445,1.1948,0.5532,0.3781,0.2947,0.3623,0.3693,0.6281,0.0421,0.4545,0.5602,0.1293,0.0466,0.0145,0.0570,0.1393,6.3393
bs100,N,bs100_N_N_2.lm3,0.3168,1.4014,1.3351,1.8393,0.8742,1.0444,1.3712,0.8812,0.8502,2.6852,1.0000,2.4630,1.2165,0.5795,0.4090,0.2947,0.3527,0.4001,0.6573,0.0451,0.4654,0.5718,0.1338,0.0495,0.0199,0.0542,0.1523,6.6580
bs100,N,bs100_N_N_3.lm3,0.4076,1.3723,1.3389,1.9149,0.9079,1.1016,1.3971,0.8841,0.8294,2.6672,1.0000,2.6265,1.3412,0.5470,0.3986,0.3090,0.4275,0.4135,0.6523,0.0461,0.5552,0.6424,0.1569,0.0470,0.0158,0.0749,0.1416,6.8529
bs101,N,bs101_N_N_0.lm3,0.4161,1.3941,1.1731,1.9048,0.9822,0.9625,1.4303,0.8620,0.8760,2.6839,1.0000,2.3883,1.1877,0.5303,0.2216,0.3172,0.2635,0.4051,0.6541,0.0038,0.3882,0.4367,0.1051,0.0531,0.0251,0.0616,0.0763,6.3941
bs101,N,bs101_N_N_1.lm3,0.4766,1.3603,1.1008,1.8554,0.9794,0.9701,1.3322,0.7432,0.7978,2.5152,1.0000,2.3224,1.1496,0.4866,0.2213,0.1698,0.2891,0.3039,0.6290,0.0290,0.3608,0.4477,0.1079,0.0060,0.0093,0.0655,0.1122,5.7613
bs101,N,bs101_N_N_2.lm3,0.4339,1.4234,1.1988,1.8973,0.9554,1.0282,1.5015,0.8434,0.8404,2.6429,1.0000,2.7445,1.6008,0.5092,0.1979,0.2431,0.3069,0.4169,0.6633,0.0150,0.3782,0.5013,0.1151,0.0310,0.0197,0.0630,0.1525,6.4160
bs101,N,bs101_N_N_3.lm3,0.4161,1.3556,1.1853,1.9145,0.9687,1.0111,1.3811,0.7641,0.7970,2.5159,1.0000,2.6018,1.4291,0.5387,0.2147,0.2128,0.3111,0.3520,0.6173,0.0240,0.4012,0.5018,0.1167,0.0167,0.0129,0.0643,0.1405,6.0141
bs102,N,bs102_N_N_0.lm3,0.4462,1.6421,1.4709,2.0007,0.9012,1.1060,1.3482,0.8163,0.9068,2.7186,1.0000,2.4825,1.2336,0.5060,0.4091,0.0867,0.3116,0.4639,0.7841,0.0490,0.5793,0.4984,0.1329,0.0142,0.0132,0.0866,0.0315,6.7408
bs102,N,bs102_N_N_1.lm3,0.4197,1.5732,1.3595,1.9338,0.9133,1.1177,1.3514,0.8044,0.8102,2.6028,1.0000,2.5983,1.4034,0.4603,0.3078,0.0517,0.3860,0.4256,0.7620,0.0245,0.5022,0.5999,0.1594,0.0104,0.0145,0.0712,0.1685,6.4459
bs102,N,bs102_N_N_2.lm3,0.3872,1.5994,1.4189,1.9857,0.9266,1.1358,1.3368,0.8408,0.8144,2.6444,1.0000,2.3275,1.1476,0.4858,0.2812,0.1115,0.3796,0.4109,0.7749,0.0195,0.5331,0.6098,0.1598,0.0356,0.0148,0.0673,0.1140,6.5019
bs102,N,bs102_N_N_3.lm3,0.3791,1.6265,1.5051,2.1188,0.9908,1.1690,1.3727,0.9290,0.9187,2.8134,1.0000,2.5982,1.3325,0.6126,0.3049,0.2684,0.3601,0.4196,0.7923,0.0255,0.5885,0.6127,0.1573,0.0635,0.0157,0.0793,0.0851,7.0831
bs103,N,bs103_N_N_0.lm3,0.4302,1.4190,1.2226,1.6797,0.7479,0.9411,1.2952,0.7547,0.7314,2.4518,1.0000,1.8686,0.9980,0.4726,0.1863,0.2269,0.2576,0.2737,0.6717,0.0139,0.3627,0.4228,0.0875,0.0467,0.0109,0.0634,0.1020,5.1393
bs103,N,bs103_N_N_1.lm3,0.4335,1.4016,1.2359,1.7521,0.7940,0.9761,1.3422,0.8270,0.7958,2.5732,1.0000,2.1261,1.1630,0.4771,0.2033,0.2958,0.2837,0.2909,0.6673,0.0179,0.4113,0.4535,0.0984,0.0474,0.0106,0.0671,0.0751,5.6130
bs103,N,bs103_N_N_2.lm3,0.4094,1.3913,1.2450,1.7898,0.8296,0.9794,1.3599,0.8127,0.7633,2.5303,1.0000,2.1638,1.1603,0.4896,0.1986,0.2769,0.3086,0.3017,0.6587,0.0162,0.4498,0.4517,0.1102,0.0456,0.0103,0.0675,0.0475,5.6545
bs103,N,bs103_N_N_3.lm3,0.4092,1.4261,1.3090,1.8290,0.8069,0.9682,1.3697,0.8817,0.8072,2.6284,1.0000,2.0331,1.0775,0.4997,0.2000,0.3477,0.2602,0.3026,0.6869,0.0160,0.4515,0.4128,0.0924,0.0617,0.0103,0.0741,0.0017,5.8626
bs104,N,bs104_N_N_0.lm3,0.3177,1.4699,1.3720,2.0118,1.0276,1.0531,1.3428,0.9202,0.8822,2.7567,1.0000,2.3883,1.1901,0.4671,0.2202,0.2937,0.3665,0.3543,0.7003,0.0197,0.4975,0.5922,0.1459,0.0543,0.0117,0.0477,0.1453,6.8777
bs104,N,bs104_N_N_1.lm3,0.4659,1.4749,1.3547,2.0672,1.0369,1.0092,1.2601,0.9132,0.8615,2.7269,1.0000,2.4058,1.2241,0.4605,0.1901,0.3263,0.3327,0.2849,0.7028,0.0199,0.4818,0.5776,0.1301,0.0675,0.0061,0.0850,0.1461,6.6232
bs104,N,bs104_N_N_2.lm3,0.4080,1.4759,1.3617,2.0436,1.0071,0.9566,1.2774,0.9333,0.8144,2.6881,1.0000,2.4101,1.2167,0.4607,0.2066,0.3494,0.2764,0.3154,0.7058,0.0156,0.4740,0.4899,0.1125,0.0728,0.0107,0.0727,0.0548,6.7023
bs104,N,bs104_N_N_3.lm3,0.4221,1.4392,1.2808,1.9226,0.9593,0.9068,1.1876,0.7790,0.8324,2.5853,1.0000,2.2741,1.1456,0.4178,0.2509,0.1185,0.2508,0.2904,0.6684,0.0329,0.4218,0.4200,0.0958,0.0203,0.0032,0.0599,0.0084,5.9563
